-- phpMyAdmin SQL Dump
-- version 4.7.0
-- https://www.phpmyadmin.net/
--
-- Host: 127.0.0.1
-- Generation Time: Apr 29, 2020 at 04:29 PM
-- Server version: 10.1.26-MariaDB
-- PHP Version: 7.1.8

SET SQL_MODE = "NO_AUTO_VALUE_ON_ZERO";
SET AUTOCOMMIT = 0;
START TRANSACTION;
SET time_zone = "+00:00";


/*!40101 SET @OLD_CHARACTER_SET_CLIENT=@@CHARACTER_SET_CLIENT */;
/*!40101 SET @OLD_CHARACTER_SET_RESULTS=@@CHARACTER_SET_RESULTS */;
/*!40101 SET @OLD_COLLATION_CONNECTION=@@COLLATION_CONNECTION */;
/*!40101 SET NAMES utf8mb4 */;

--
-- Database: `ctgecommerce-epi`
--

-- --------------------------------------------------------

--
-- Table structure for table `migrations`
--

CREATE TABLE `migrations` (
  `id` int(10) UNSIGNED NOT NULL,
  `migration` varchar(191) COLLATE utf8mb4_unicode_ci NOT NULL,
  `batch` int(11) NOT NULL
) ENGINE=InnoDB DEFAULT CHARSET=utf8mb4 COLLATE=utf8mb4_unicode_ci;

--
-- Dumping data for table `migrations`
--

INSERT INTO `migrations` (`id`, `migration`, `batch`) VALUES
(15, '2014_10_12_000000_create_users_table', 1),
(16, '2014_10_12_100000_create_password_resets_table', 1),
(17, '2016_06_01_000001_create_oauth_auth_codes_table', 1),
(18, '2016_06_01_000002_create_oauth_access_tokens_table', 1),
(19, '2016_06_01_000003_create_oauth_refresh_tokens_table', 1),
(20, '2016_06_01_000004_create_oauth_clients_table', 1),
(21, '2016_06_01_000005_create_oauth_personal_access_clients_table', 1),
(22, '2020_04_28_143938_create_products_table', 1),
(23, '2020_04_28_144334_create_reviews_table', 1);

-- --------------------------------------------------------

--
-- Table structure for table `oauth_access_tokens`
--

CREATE TABLE `oauth_access_tokens` (
  `id` varchar(100) COLLATE utf8mb4_unicode_ci NOT NULL,
  `user_id` bigint(20) DEFAULT NULL,
  `client_id` int(10) UNSIGNED NOT NULL,
  `name` varchar(191) COLLATE utf8mb4_unicode_ci DEFAULT NULL,
  `scopes` text COLLATE utf8mb4_unicode_ci,
  `revoked` tinyint(1) NOT NULL,
  `created_at` timestamp NULL DEFAULT NULL,
  `updated_at` timestamp NULL DEFAULT NULL,
  `expires_at` datetime DEFAULT NULL
) ENGINE=InnoDB DEFAULT CHARSET=utf8mb4 COLLATE=utf8mb4_unicode_ci;

--
-- Dumping data for table `oauth_access_tokens`
--

INSERT INTO `oauth_access_tokens` (`id`, `user_id`, `client_id`, `name`, `scopes`, `revoked`, `created_at`, `updated_at`, `expires_at`) VALUES
('27ed0a69a846d57098f569a635a4487257e6efd09db3d52e31e2b1110cd0820ddfa13c3fb852bb6e', 5, 2, NULL, '[]', 0, '2020-04-29 07:46:23', '2020-04-29 07:46:23', '2021-04-29 13:46:23');

-- --------------------------------------------------------

--
-- Table structure for table `oauth_auth_codes`
--

CREATE TABLE `oauth_auth_codes` (
  `id` varchar(100) COLLATE utf8mb4_unicode_ci NOT NULL,
  `user_id` bigint(20) NOT NULL,
  `client_id` int(10) UNSIGNED NOT NULL,
  `scopes` text COLLATE utf8mb4_unicode_ci,
  `revoked` tinyint(1) NOT NULL,
  `expires_at` datetime DEFAULT NULL
) ENGINE=InnoDB DEFAULT CHARSET=utf8mb4 COLLATE=utf8mb4_unicode_ci;

-- --------------------------------------------------------

--
-- Table structure for table `oauth_clients`
--

CREATE TABLE `oauth_clients` (
  `id` int(10) UNSIGNED NOT NULL,
  `user_id` bigint(20) DEFAULT NULL,
  `name` varchar(191) COLLATE utf8mb4_unicode_ci NOT NULL,
  `secret` varchar(100) COLLATE utf8mb4_unicode_ci NOT NULL,
  `redirect` text COLLATE utf8mb4_unicode_ci NOT NULL,
  `personal_access_client` tinyint(1) NOT NULL,
  `password_client` tinyint(1) NOT NULL,
  `revoked` tinyint(1) NOT NULL,
  `created_at` timestamp NULL DEFAULT NULL,
  `updated_at` timestamp NULL DEFAULT NULL
) ENGINE=InnoDB DEFAULT CHARSET=utf8mb4 COLLATE=utf8mb4_unicode_ci;

--
-- Dumping data for table `oauth_clients`
--

INSERT INTO `oauth_clients` (`id`, `user_id`, `name`, `secret`, `redirect`, `personal_access_client`, `password_client`, `revoked`, `created_at`, `updated_at`) VALUES
(1, NULL, 'Laravel Personal Access Client', 'pmcLMjJNf3qOOgzLCWSoA4uXheHBHrujTgWYYKiG', 'http://localhost', 1, 0, 0, '2020-04-29 07:43:04', '2020-04-29 07:43:04'),
(2, NULL, 'Laravel Password Grant Client', 'hr1Bv1QMSIQaUFHfKiEvQkZmhhdCSXi1YcHcslDl', 'http://localhost', 0, 1, 0, '2020-04-29 07:43:08', '2020-04-29 07:43:08');

-- --------------------------------------------------------

--
-- Table structure for table `oauth_personal_access_clients`
--

CREATE TABLE `oauth_personal_access_clients` (
  `id` int(10) UNSIGNED NOT NULL,
  `client_id` int(10) UNSIGNED NOT NULL,
  `created_at` timestamp NULL DEFAULT NULL,
  `updated_at` timestamp NULL DEFAULT NULL
) ENGINE=InnoDB DEFAULT CHARSET=utf8mb4 COLLATE=utf8mb4_unicode_ci;

--
-- Dumping data for table `oauth_personal_access_clients`
--

INSERT INTO `oauth_personal_access_clients` (`id`, `client_id`, `created_at`, `updated_at`) VALUES
(1, 1, '2020-04-29 07:43:07', '2020-04-29 07:43:07');

-- --------------------------------------------------------

--
-- Table structure for table `oauth_refresh_tokens`
--

CREATE TABLE `oauth_refresh_tokens` (
  `id` varchar(100) COLLATE utf8mb4_unicode_ci NOT NULL,
  `access_token_id` varchar(100) COLLATE utf8mb4_unicode_ci NOT NULL,
  `revoked` tinyint(1) NOT NULL,
  `expires_at` datetime DEFAULT NULL
) ENGINE=InnoDB DEFAULT CHARSET=utf8mb4 COLLATE=utf8mb4_unicode_ci;

--
-- Dumping data for table `oauth_refresh_tokens`
--

INSERT INTO `oauth_refresh_tokens` (`id`, `access_token_id`, `revoked`, `expires_at`) VALUES
('fae72a428ff0cbfdaadd198e76493ef915c6c89942b06c857e6056559d22dba4011e1a818a59796c', '27ed0a69a846d57098f569a635a4487257e6efd09db3d52e31e2b1110cd0820ddfa13c3fb852bb6e', 0, '2021-04-29 13:46:23');

-- --------------------------------------------------------

--
-- Table structure for table `password_resets`
--

CREATE TABLE `password_resets` (
  `email` varchar(191) COLLATE utf8mb4_unicode_ci NOT NULL,
  `token` varchar(191) COLLATE utf8mb4_unicode_ci NOT NULL,
  `created_at` timestamp NULL DEFAULT NULL
) ENGINE=InnoDB DEFAULT CHARSET=utf8mb4 COLLATE=utf8mb4_unicode_ci;

-- --------------------------------------------------------

--
-- Table structure for table `products`
--

CREATE TABLE `products` (
  `id` bigint(20) UNSIGNED NOT NULL,
  `name` varchar(191) COLLATE utf8mb4_unicode_ci NOT NULL,
  `detail` text COLLATE utf8mb4_unicode_ci NOT NULL,
  `price` int(11) NOT NULL,
  `stock` int(11) NOT NULL,
  `discount` int(11) NOT NULL,
  `user_id` int(10) UNSIGNED NOT NULL,
  `created_at` timestamp NULL DEFAULT NULL,
  `updated_at` timestamp NULL DEFAULT NULL
) ENGINE=InnoDB DEFAULT CHARSET=utf8mb4 COLLATE=utf8mb4_unicode_ci;

--
-- Dumping data for table `products`
--

INSERT INTO `products` (`id`, `name`, `detail`, `price`, `stock`, `discount`, `user_id`, `created_at`, `updated_at`) VALUES
(1, 'tenetur', 'Perferendis provident dolor quae eveniet similique omnis. Est beatae non consequatur et soluta ipsam blanditiis. Earum aut non autem.', 256, 8, 23, 2, '2020-04-29 07:29:12', '2020-04-29 07:29:12'),
(2, 'nesciunt', 'Perferendis ratione excepturi corporis est quas. Magni corporis aut minima ut rem maxime. Exercitationem vel debitis molestiae eveniet amet. Et dignissimos eaque recusandae assumenda minima eius laborum aut.', 587, 7, 13, 5, '2020-04-29 07:29:12', '2020-04-29 07:29:12'),
(3, 'quo', 'Omnis deserunt debitis quas. Et tenetur vitae cum aut consequatur culpa. Ipsam quaerat exercitationem consectetur atque aut cumque.', 265, 2, 5, 3, '2020-04-29 07:29:13', '2020-04-29 07:29:13'),
(4, 'quisquam', 'Velit commodi enim illo dolorem non dolorum et sint. Reprehenderit harum accusamus sed. Quia ex dolores quo officia molestiae.', 748, 9, 9, 1, '2020-04-29 07:29:13', '2020-04-29 07:29:13'),
(5, 'ut', 'Sint laborum magni aut nihil. Atque quia rerum sit. Qui eveniet aliquid dolorem nisi. Voluptas cum est esse dolore molestiae amet impedit.', 446, 4, 14, 5, '2020-04-29 07:29:13', '2020-04-29 07:29:13'),
(6, 'debitis', 'Aliquam quibusdam quas est. Ab alias sunt debitis blanditiis ea.', 640, 6, 10, 1, '2020-04-29 07:29:13', '2020-04-29 07:29:13'),
(7, 'qui', 'Nisi incidunt dolorem reiciendis mollitia et incidunt eius inventore. Enim maxime nihil et minus. Magnam numquam autem est eaque rem dolore quis et. Vel in sit id.', 493, 2, 16, 4, '2020-04-29 07:29:13', '2020-04-29 07:29:13'),
(8, 'quidem', 'Consequatur enim nesciunt magni ex voluptas in. Minus quia porro quaerat ab. Praesentium officiis deleniti est id. Voluptas voluptatibus voluptatem quia unde tempora dolores excepturi sapiente.', 889, 8, 17, 1, '2020-04-29 07:29:13', '2020-04-29 07:29:13'),
(9, 'aut', 'Non et recusandae consequatur non excepturi harum. At qui et nesciunt velit esse eligendi. Itaque sed quisquam cum repudiandae. Quae ut voluptatem officia possimus et dolores molestiae voluptas.', 751, 3, 20, 1, '2020-04-29 07:29:13', '2020-04-29 07:29:13'),
(10, 'aut', 'At harum facere quas. Veritatis expedita non id quis iure. Cum velit voluptas sint vel quasi a. Est quo at esse quibusdam.', 124, 8, 2, 3, '2020-04-29 07:29:13', '2020-04-29 07:29:13'),
(11, 'et', 'Et modi aliquam aut earum quis tempora cumque. Labore sunt et ducimus quo commodi. Et odio doloribus consequatur voluptatibus laborum autem vel.', 726, 0, 4, 1, '2020-04-29 07:29:13', '2020-04-29 07:29:13'),
(12, 'laudantium', 'Adipisci sunt quam eaque in neque sit. Accusamus tenetur eligendi ut nihil facere quis. Impedit aspernatur temporibus hic dolor odio facere. Velit omnis facere reiciendis quis facere asperiores aperiam.', 598, 4, 15, 5, '2020-04-29 07:29:14', '2020-04-29 07:29:14'),
(13, 'itaque', 'Ad aperiam voluptas ea praesentium. Assumenda neque deleniti accusamus. Non dolor tempore dolores amet sed. Velit nulla voluptatem aut corporis omnis.', 532, 0, 7, 4, '2020-04-29 07:29:14', '2020-04-29 07:29:14'),
(14, 'accusantium', 'Inventore et et maiores harum vel quia et. Quod incidunt ab reprehenderit ducimus autem sapiente quos.', 768, 4, 5, 1, '2020-04-29 07:29:14', '2020-04-29 07:29:14'),
(15, 'numquam', 'Aut et earum voluptatum eius voluptatem officia. Saepe eveniet recusandae saepe non tenetur occaecati. Impedit praesentium error nesciunt dolor architecto reprehenderit beatae. Quisquam qui praesentium quis illo et libero.', 675, 4, 14, 1, '2020-04-29 07:29:14', '2020-04-29 07:29:14'),
(16, 'ipsa', 'Nesciunt temporibus ut vero pariatur at repellat impedit nam. Sapiente vitae debitis nesciunt consequuntur nobis est aut est. Recusandae rerum reiciendis aut velit sint omnis ea. Non aspernatur eum ad unde ipsam.', 421, 2, 23, 2, '2020-04-29 07:29:14', '2020-04-29 07:29:14'),
(17, 'amet', 'Impedit odio sint sunt eos. Fugit voluptatem est sint consequatur. Temporibus fugit iusto est ex.', 134, 4, 10, 1, '2020-04-29 07:29:14', '2020-04-29 07:29:14'),
(18, 'ratione', 'Quam voluptates enim assumenda. Quod ullam doloribus aut dolorem quis. Mollitia exercitationem temporibus ab quis similique. Sit voluptate non voluptate officiis qui laboriosam in. Quia nemo optio illum et error ipsa porro architecto.', 166, 3, 20, 3, '2020-04-29 07:29:14', '2020-04-29 07:29:14'),
(19, 'et', 'Iusto delectus voluptatem dolorem porro animi excepturi qui. Quia harum voluptatem quia non voluptas excepturi quo. Aut possimus fugiat rerum minima debitis perspiciatis ut sequi. Officiis et accusantium eos corrupti sed.', 990, 2, 6, 1, '2020-04-29 07:29:14', '2020-04-29 07:29:14'),
(20, 'incidunt', 'Ex repudiandae accusantium voluptate eligendi iste illo dolor. Voluptates rem enim aut vel non et cupiditate. Placeat officia esse dolorum ex labore adipisci voluptatem.', 135, 2, 24, 1, '2020-04-29 07:29:14', '2020-04-29 07:29:14'),
(21, 'deserunt', 'Voluptatem rerum culpa voluptatibus velit at dolorem placeat. Neque consequatur dicta sit provident exercitationem quod quia. Et ut voluptates iure iusto illo. Maiores illo libero maxime laborum.', 904, 7, 23, 2, '2020-04-29 07:29:15', '2020-04-29 07:29:15'),
(22, 'corporis', 'Fuga totam odio omnis occaecati. Vel dignissimos voluptatem aut ut. Reiciendis sunt sed exercitationem consequatur ut voluptas pariatur. Nihil modi eligendi consequuntur.', 693, 6, 4, 1, '2020-04-29 07:29:15', '2020-04-29 07:29:15'),
(23, 'dolorem', 'Excepturi soluta quis ex perferendis. Dolor ipsa quis modi at eveniet. Nemo qui aut sapiente nemo. Consequatur facere culpa aperiam et accusantium.', 495, 0, 14, 2, '2020-04-29 07:29:15', '2020-04-29 07:29:15'),
(24, 'asperiores', 'Suscipit inventore fuga saepe vitae neque ut deserunt earum. Mollitia fugit est voluptate nihil quasi temporibus. Qui praesentium mollitia quod enim et.', 265, 2, 4, 4, '2020-04-29 07:29:15', '2020-04-29 07:29:15'),
(25, 'harum', 'Odit modi voluptate voluptate consequuntur id quia et. Ea sed voluptatem a ratione suscipit et autem. Ab repellendus temporibus aperiam ut et perspiciatis.', 418, 1, 30, 1, '2020-04-29 07:29:15', '2020-04-29 07:29:15'),
(26, 'nulla', 'Esse dolor quis qui explicabo iusto ratione. Cum at delectus maiores odit nostrum ex fugiat. Sunt quod quas distinctio.', 582, 2, 6, 2, '2020-04-29 07:29:15', '2020-04-29 07:29:15'),
(27, 'in', 'Commodi architecto aut est modi cum. Suscipit qui voluptatem sunt dicta repellendus incidunt sit est. Architecto beatae inventore molestiae velit doloribus quo qui.', 309, 6, 23, 3, '2020-04-29 07:29:15', '2020-04-29 07:29:15'),
(28, 'at', 'In et modi doloribus at consequatur. Non rem sit consequuntur. Qui nihil perferendis deleniti molestiae non tenetur. Dolorem natus autem sequi et.', 940, 8, 8, 1, '2020-04-29 07:29:15', '2020-04-29 07:29:15'),
(29, 'mollitia', 'Nemo nisi autem reprehenderit ipsum consequuntur tempora impedit. Porro voluptatem rerum similique eos consequuntur qui facere. Similique omnis sequi temporibus sed voluptatem error. Ea accusamus alias nulla reiciendis.', 338, 3, 5, 3, '2020-04-29 07:29:16', '2020-04-29 07:29:16'),
(30, 'et', 'Ullam corporis temporibus accusantium dignissimos quidem. Voluptatem quia quae dolorem in. Molestiae asperiores mollitia minima. Rerum atque tenetur maiores dignissimos. Dolores repellendus consequatur eum similique.', 776, 3, 18, 5, '2020-04-29 07:29:16', '2020-04-29 07:29:16'),
(31, 'exercitationem', 'Dolor voluptate et sit aut saepe iure nam. Blanditiis itaque id et ad.', 171, 7, 30, 3, '2020-04-29 07:29:16', '2020-04-29 07:29:16'),
(32, 'nemo', 'Hic voluptatum repellat est temporibus veritatis commodi dolores. Rem sit commodi magni rerum cumque sint.', 689, 6, 11, 3, '2020-04-29 07:29:16', '2020-04-29 07:29:16'),
(33, 'qui', 'In nemo culpa dolor voluptatem. Nulla quod quaerat rerum laborum laborum est aut. Earum consequatur vero repellat quia rem aut. Deleniti ipsum aut sit magnam dolores.', 171, 6, 14, 5, '2020-04-29 07:29:16', '2020-04-29 07:29:16'),
(34, 'praesentium', 'nice features and hd camera', 988, 2, 11, 5, '2020-04-29 07:29:16', '2020-04-29 07:54:19'),
(35, 'ut', 'Illum natus nihil accusantium quidem numquam odio dolorum. Libero ea hic quo modi. Consequatur quae aliquam suscipit aliquam enim amet pariatur.', 194, 2, 25, 4, '2020-04-29 07:29:16', '2020-04-29 07:29:16'),
(36, 'quidem', 'Dignissimos accusantium doloribus nihil ea sunt magni. Recusandae magni facilis velit cumque nihil placeat harum quis. Commodi eum alias iure ab dolores deserunt veritatis. Illum dolorem officiis nihil mollitia dignissimos aliquid pariatur.', 672, 6, 23, 1, '2020-04-29 07:29:16', '2020-04-29 07:29:16'),
(37, 'dolor', 'Quo aspernatur vitae cum expedita. Magnam ea ut ex praesentium similique aut eaque. Sint perspiciatis quos enim rerum velit atque nulla sed. Aut pariatur est voluptatibus aliquam non nesciunt.', 770, 2, 21, 1, '2020-04-29 07:29:17', '2020-04-29 07:29:17'),
(38, 'architecto', 'Sunt magni animi qui omnis harum ducimus possimus. Praesentium vero sint asperiores minus asperiores error. Corrupti eligendi explicabo iure. Voluptatem sapiente et ullam et necessitatibus.', 113, 5, 8, 4, '2020-04-29 07:29:17', '2020-04-29 07:29:17'),
(39, 'dolores', 'Alias facere impedit enim dicta qui reiciendis alias vel. Quis impedit aut accusamus consequuntur non. Quis hic quos est nemo consequuntur. Sed at officiis autem cupiditate repellat voluptatem.', 850, 3, 6, 2, '2020-04-29 07:29:17', '2020-04-29 07:29:17'),
(40, 'non', 'Porro doloribus sequi ex sit quos. Repellat sapiente deserunt illo asperiores quo expedita eum. Non autem hic nihil eveniet dolore. Dolores nulla non fuga amet enim sint nisi.', 759, 3, 18, 3, '2020-04-29 07:29:17', '2020-04-29 07:29:17'),
(41, 'deserunt', 'Ratione eaque et animi aut voluptas ut dolores. Sequi minima dolorem doloremque aperiam necessitatibus nam temporibus. Sit et numquam nobis iure quis.', 939, 3, 15, 2, '2020-04-29 07:29:17', '2020-04-29 07:29:17'),
(42, 'perspiciatis', 'Alias numquam consequatur sit. Non dolor quas tenetur dicta voluptatem. Recusandae repudiandae quas aut vel non blanditiis dolores ex.', 396, 2, 8, 2, '2020-04-29 07:29:17', '2020-04-29 07:29:17'),
(43, 'sequi', 'Itaque consequatur ipsum nihil accusantium est fugit. Accusamus quia doloribus repellat animi eum sint. Doloremque rerum cumque in deserunt quis culpa.', 482, 2, 11, 4, '2020-04-29 07:29:17', '2020-04-29 07:29:17'),
(44, 'enim', 'Voluptatibus molestiae dolores enim ut. Eos iste est necessitatibus nihil error quisquam. Maxime quod magnam cumque nihil voluptas necessitatibus. Earum eveniet voluptas dolores ea hic rem. Consequatur magni in vel maiores.', 206, 6, 10, 1, '2020-04-29 07:29:18', '2020-04-29 07:29:18'),
(45, 'quia', 'Voluptas itaque quasi est et voluptatem cum magnam. Aut laborum dolorem aspernatur tenetur aut praesentium. Non natus quis praesentium. Sint eum voluptatem eum.', 361, 6, 19, 1, '2020-04-29 07:29:18', '2020-04-29 07:29:18'),
(46, 'facere', 'Nihil ut molestiae quasi aliquam quisquam. Qui est atque eos odio facere culpa fugiat. Doloremque assumenda nulla dolores est explicabo aut. Quia porro vel maiores eveniet quo.', 198, 4, 22, 3, '2020-04-29 07:29:18', '2020-04-29 07:29:18'),
(47, 'ea', 'Velit qui commodi porro repellendus velit eligendi doloribus. Beatae sed repudiandae ut ipsum dolorem corporis sed. Itaque voluptatem itaque quos unde.', 300, 2, 30, 3, '2020-04-29 07:29:18', '2020-04-29 07:29:18'),
(48, 'animi', 'Illum dolor quos quidem rerum sed ut odit quas. Iure quibusdam fugit voluptatem corporis optio eligendi. Omnis dolorem aut aut quia itaque. Provident omnis et sint cupiditate sit labore.', 207, 4, 27, 2, '2020-04-29 07:29:18', '2020-04-29 07:29:18'),
(50, 'optio', 'Sed excepturi possimus tempore quis quia quis. Ut laboriosam expedita cupiditate dolor voluptas quis. Incidunt odio hic sequi molestiae cum. Iusto voluptatem vitae nesciunt eligendi officiis.', 680, 5, 29, 4, '2020-04-29 07:29:19', '2020-04-29 07:29:19');

-- --------------------------------------------------------

--
-- Table structure for table `reviews`
--

CREATE TABLE `reviews` (
  `id` bigint(20) UNSIGNED NOT NULL,
  `product_id` bigint(20) UNSIGNED NOT NULL,
  `customer` varchar(191) COLLATE utf8mb4_unicode_ci NOT NULL,
  `review` text COLLATE utf8mb4_unicode_ci NOT NULL,
  `star` int(11) NOT NULL,
  `created_at` timestamp NULL DEFAULT NULL,
  `updated_at` timestamp NULL DEFAULT NULL
) ENGINE=InnoDB DEFAULT CHARSET=utf8mb4 COLLATE=utf8mb4_unicode_ci;

--
-- Dumping data for table `reviews`
--

INSERT INTO `reviews` (`id`, `product_id`, `customer`, `review`, `star`, `created_at`, `updated_at`) VALUES
(1, 24, 'Mr. Virgil Legros', 'Dolores culpa atque sed sed totam. Ratione voluptatum iure qui sit sunt sunt fuga. Explicabo cum doloremque non sit aut quia maxime.', 4, '2020-04-29 07:29:20', '2020-04-29 07:29:20'),
(2, 47, 'Monty Marquardt', 'Suscipit qui et voluptate earum et et rerum quia. Neque iure sit iste beatae suscipit repudiandae saepe.', 4, '2020-04-29 07:29:20', '2020-04-29 07:29:20'),
(4, 26, 'Chad Lang', 'Aperiam et non commodi est vel enim. Rem est facilis omnis quasi est et. Ipsam aut perspiciatis nam laudantium at blanditiis. Mollitia repellendus deserunt est est possimus.', 3, '2020-04-29 07:29:21', '2020-04-29 07:29:21'),
(5, 8, 'Yadira Howe', 'Voluptas quia eos doloribus reiciendis architecto. Deleniti aut quia quia dolorum dolore cum. Quas non quia nostrum et. Voluptas ut veritatis recusandae enim.', 5, '2020-04-29 07:29:21', '2020-04-29 07:29:21'),
(6, 14, 'Easter Kunze', 'Quo quam ea ipsum aut ab est. Maxime est debitis expedita nihil blanditiis alias quis reprehenderit. Voluptas doloribus totam est aut asperiores fugiat.', 1, '2020-04-29 07:29:21', '2020-04-29 07:29:21'),
(7, 25, 'Miss Minnie Boehm', 'Vel soluta cum quia numquam nisi sed. Sed ut at a necessitatibus enim enim. Fuga consectetur qui error cupiditate ut aut ut.', 0, '2020-04-29 07:29:21', '2020-04-29 07:29:21'),
(8, 19, 'Prof. Orrin Ratke PhD', 'Nemo hic vitae qui et. Omnis sit est voluptas voluptatibus quia. Enim cum sint porro reiciendis dicta nobis hic. Doloremque aut laudantium architecto vel qui.', 0, '2020-04-29 07:29:21', '2020-04-29 07:29:21'),
(9, 5, 'Prof. Jon Smith', 'Et occaecati quas eos laboriosam dignissimos. Sint quia ducimus dignissimos eum cum necessitatibus ducimus nisi. Dolores saepe placeat exercitationem.', 4, '2020-04-29 07:29:21', '2020-04-29 07:29:21'),
(10, 21, 'Mrs. Ashly Hamill MD', 'Ab porro ullam autem exercitationem vitae. Aut consequuntur eveniet ipsum est corporis porro. Aut voluptas incidunt dolore fugiat itaque quis voluptatem.', 3, '2020-04-29 07:29:21', '2020-04-29 07:29:21'),
(12, 15, 'Calista Heidenreich', 'Deserunt enim a cumque dolorem non. Id harum explicabo officia ab tenetur. Placeat impedit ipsam aspernatur ratione corrupti non numquam. In porro ducimus commodi autem.', 0, '2020-04-29 07:29:22', '2020-04-29 07:29:22'),
(13, 25, 'Winston Heidenreich I', 'Pariatur facilis vel officia doloremque. Veritatis illo illum ab vel ut eos voluptatem. Et non et aperiam in.', 4, '2020-04-29 07:29:22', '2020-04-29 07:29:22'),
(14, 30, 'Perry Kuphal', 'Quo voluptas adipisci ut sed nesciunt voluptas velit. Quisquam accusamus ut ab sed et maiores. Laudantium quibusdam est quo nesciunt animi voluptate distinctio.', 0, '2020-04-29 07:29:22', '2020-04-29 07:29:22'),
(15, 10, 'Dr. Samara Wisozk', 'Tenetur enim qui mollitia enim dolore similique et. Qui quidem id vitae sunt. Dolorem soluta consequatur et occaecati dignissimos excepturi doloribus. Ut debitis error pariatur officiis quo aperiam vitae.', 0, '2020-04-29 07:29:22', '2020-04-29 07:29:22'),
(16, 43, 'Heidi Bartell', 'Sit veniam libero explicabo non dolorem qui. Debitis tenetur qui ut.', 1, '2020-04-29 07:29:22', '2020-04-29 07:29:22'),
(17, 7, 'Desiree Funk', 'Sit ipsa rerum animi quis molestias. Est qui voluptatem quibusdam voluptatibus. Sint consequatur iste provident unde ratione in.', 1, '2020-04-29 07:29:22', '2020-04-29 07:29:22'),
(18, 19, 'Dashawn Cummings', 'Esse aliquam mollitia rem id quas aut. Eveniet explicabo sequi perspiciatis et in voluptatem sed porro. Quae itaque quaerat libero rerum dignissimos commodi sit.', 0, '2020-04-29 07:29:22', '2020-04-29 07:29:22'),
(19, 6, 'Prof. Marlon Sauer MD', 'Veritatis saepe cum magnam veniam maiores soluta aliquid. Similique deserunt assumenda qui voluptatibus vero. Et repellat dignissimos modi placeat beatae fuga.', 2, '2020-04-29 07:29:22', '2020-04-29 07:29:22'),
(20, 44, 'Ole Mohr IV', 'Debitis provident error dolor tempore eum illo. Est molestiae libero cupiditate dolor aut consequatur nihil. Sit qui a ipsa molestiae perspiciatis corrupti consequatur.', 0, '2020-04-29 07:29:23', '2020-04-29 07:29:23'),
(21, 24, 'Trent Reichert Sr.', 'Totam eligendi at tempora deleniti ipsum qui eum consequatur. Dolorum repellendus facilis et laboriosam ipsum qui. Dolor et exercitationem sapiente nam sit nemo et. Veniam aut eos voluptatem exercitationem quae pariatur dolores.', 4, '2020-04-29 07:29:23', '2020-04-29 07:29:23'),
(22, 19, 'Prof. Bernardo Schneider I', 'Sequi voluptas esse et. Voluptate tempore officia sed illo amet. Est animi eius dolor molestias sint.', 1, '2020-04-29 07:29:23', '2020-04-29 07:29:23'),
(23, 44, 'Esmeralda Feest Jr.', 'Veritatis est ratione quidem occaecati. Cupiditate fugit et ea aut autem. Consequuntur qui id et est doloremque et recusandae fugiat.', 5, '2020-04-29 07:29:23', '2020-04-29 07:29:23'),
(24, 9, 'Dawson Klein', 'Qui maiores libero aspernatur numquam sed quisquam. Fugit minima voluptas accusantium laborum soluta. Officia velit ipsam voluptatem quia. Earum quo deleniti minus praesentium alias ducimus consequatur.', 3, '2020-04-29 07:29:23', '2020-04-29 07:29:23'),
(25, 24, 'Kayleigh Kunde', 'Eveniet eos facere culpa at nobis quisquam. Quaerat distinctio facere omnis ut inventore aliquid quo.', 3, '2020-04-29 07:29:23', '2020-04-29 07:29:23'),
(26, 10, 'Lupe Ledner PhD', 'Autem eligendi optio sequi dolorem natus earum ab. Harum ut cupiditate distinctio maiores non impedit quam voluptatem.', 4, '2020-04-29 07:29:23', '2020-04-29 07:29:23'),
(27, 19, 'Miss Alessia Nader', 'Quas natus cupiditate neque officiis in aperiam architecto. Enim et nostrum aut autem aliquid. Praesentium voluptate aperiam officia in et et unde. Modi et aliquam facere qui aut.', 2, '2020-04-29 07:29:23', '2020-04-29 07:29:23'),
(28, 24, 'Tiana Bode Jr.', 'Harum doloremque enim magni. Et maxime quisquam ea aut laudantium. Sit ex amet quas voluptas velit debitis.', 2, '2020-04-29 07:29:24', '2020-04-29 07:29:24'),
(29, 17, 'Garry Friesen', 'Ex quibusdam molestiae ipsum deleniti id. Necessitatibus deserunt nisi consequatur vel doloremque qui quia. Explicabo at cum quod voluptatibus doloribus. Ut ut cupiditate a optio error adipisci.', 4, '2020-04-29 07:29:24', '2020-04-29 07:29:24'),
(30, 13, 'Gage Bruen', 'Alias est suscipit libero in voluptates velit. Id ut dolorum quod autem aut voluptates non ratione. Est laudantium et et esse.', 4, '2020-04-29 07:29:24', '2020-04-29 07:29:24'),
(31, 32, 'Larry Bartell', 'Eum reprehenderit ut ullam magni consequatur. Dignissimos id beatae recusandae aut cupiditate. Inventore esse molestias aut unde.', 3, '2020-04-29 07:29:24', '2020-04-29 07:29:24'),
(32, 14, 'Dr. Buster Larson', 'Quia voluptatem sit tempore quas ut. Labore nihil natus provident deserunt quia. Et soluta quaerat facilis.', 3, '2020-04-29 07:29:24', '2020-04-29 07:29:24'),
(33, 47, 'Adolf Reinger', 'Est quis dolore voluptatem sit vero. Nesciunt culpa cum animi veritatis voluptatum. Consequatur aspernatur beatae magni asperiores reiciendis quisquam ipsa aliquam. Autem esse ratione ut voluptas.', 3, '2020-04-29 07:29:24', '2020-04-29 07:29:24'),
(34, 47, 'Ms. Kathryne Reinger MD', 'Velit et mollitia quis voluptate dolor tempora. Eaque ut qui praesentium repudiandae. Fuga magnam sed ut est aut ut qui.', 5, '2020-04-29 07:29:24', '2020-04-29 07:29:24'),
(35, 7, 'Elyssa Stamm PhD', 'Ut aut dolores repellat veritatis eos esse. Culpa qui dolor aut quasi veritatis eum vel. Eos quae aut culpa vitae fugiat. Et ipsum aut alias corporis.', 0, '2020-04-29 07:29:25', '2020-04-29 07:29:25'),
(36, 37, 'Prof. Leda Swift V', 'Et et accusamus iste. Aut id aliquam hic dignissimos quia animi. Cum qui laudantium recusandae voluptates.', 5, '2020-04-29 07:29:25', '2020-04-29 07:29:25'),
(37, 31, 'Hilton Brakus', 'Velit temporibus quia accusantium odio. Qui enim eos qui. Aut eligendi adipisci quis maxime quo.', 4, '2020-04-29 07:29:25', '2020-04-29 07:29:25'),
(38, 17, 'Mr. Raleigh Bernier DDS', 'Architecto rerum doloribus porro. Id quasi aut aut alias. Ducimus minus error itaque voluptas sit labore repellendus.', 1, '2020-04-29 07:29:25', '2020-04-29 07:29:25'),
(39, 24, 'Ms. Hermina Thompson', 'Et dolor amet et suscipit odio. Consequatur aut natus voluptates rem nemo. Minus animi dolorum beatae vitae in. Quae blanditiis aut voluptas saepe reprehenderit cumque doloribus non. Et possimus voluptatibus minus eius dolores.', 4, '2020-04-29 07:29:25', '2020-04-29 07:29:25'),
(40, 20, 'Dr. Vesta Abshire Sr.', 'Necessitatibus cum facilis eveniet saepe architecto enim quod. Velit architecto cum necessitatibus quaerat voluptas non. Deleniti sunt et sunt ad excepturi fugiat consequatur. Cupiditate dolor quia occaecati eaque sapiente.', 0, '2020-04-29 07:29:25', '2020-04-29 07:29:25'),
(41, 3, 'Miss Mandy Lubowitz', 'Cupiditate autem ab voluptatum qui provident. Asperiores laboriosam excepturi sequi in dolor ipsa et. Nulla assumenda tempore ratione enim nam eos. Eos qui modi quo.', 1, '2020-04-29 07:29:25', '2020-04-29 07:29:25'),
(42, 17, 'Maximo Hane', 'Aut ducimus quod architecto. Quis commodi eos velit corrupti vero sequi sapiente eum. Amet nesciunt eligendi esse vero in aut.', 3, '2020-04-29 07:29:26', '2020-04-29 07:29:26'),
(43, 27, 'Vada Ryan', 'Quis magni ducimus occaecati esse quis fugiat aut. Ut accusantium officiis earum vel blanditiis molestiae. Et ad ducimus omnis impedit dolorem maxime quo. Excepturi similique quia eos deserunt molestias cum nesciunt.', 5, '2020-04-29 07:29:26', '2020-04-29 07:29:26'),
(44, 30, 'Ceasar Hackett III', 'Vero earum doloribus aut. Molestiae iure beatae molestiae sapiente eveniet vero quisquam magnam. Dolores sint voluptatem quae. Rerum et voluptas consequuntur inventore corrupti provident vel.', 5, '2020-04-29 07:29:26', '2020-04-29 07:29:26'),
(45, 19, 'Buddy Huel', 'Molestiae voluptatibus voluptas dolores. Reprehenderit odit consequatur commodi fuga. Soluta sunt fugiat aliquid totam facilis.', 3, '2020-04-29 07:29:26', '2020-04-29 07:29:26'),
(46, 47, 'Furman Beer', 'Neque veniam quis deleniti est. Quia eos voluptatibus qui id aperiam delectus.', 3, '2020-04-29 07:29:26', '2020-04-29 07:29:26'),
(47, 33, 'Mr. Dustin Daniel', 'Vel suscipit debitis omnis in et. Occaecati voluptates labore totam reprehenderit illum magni adipisci.', 1, '2020-04-29 07:29:26', '2020-04-29 07:29:26'),
(48, 43, 'Marietta Jast', 'Ex odit ea non quia similique. Magni suscipit et laudantium sapiente aliquid delectus. Non cumque distinctio labore a recusandae rerum. Repudiandae ipsam veritatis aut iusto tenetur facere maxime. Ullam sit fuga officiis facilis temporibus debitis consequatur.', 3, '2020-04-29 07:29:26', '2020-04-29 07:29:26'),
(49, 16, 'Zelma Hammes', 'Voluptatibus nisi harum temporibus ab. Recusandae quia quae eum voluptatibus molestias vitae. Esse et qui sed voluptas ea. Dolorum aliquam non nisi.', 2, '2020-04-29 07:29:27', '2020-04-29 07:29:27'),
(50, 38, 'Mr. Dereck Kihn III', 'Minus distinctio quia culpa vero culpa est tempora. Sunt et praesentium dignissimos qui. Occaecati quis enim quis temporibus quasi nemo sit. Aut libero et laborum natus quia delectus assumenda.', 4, '2020-04-29 07:29:27', '2020-04-29 07:29:27'),
(51, 14, 'Ethan Moen', 'Deleniti impedit sed fugiat accusantium ut. Culpa at quia consequatur qui. Similique natus repellendus praesentium consequatur quibusdam. Corporis mollitia sint ut cum ea voluptatibus deleniti.', 0, '2020-04-29 07:29:27', '2020-04-29 07:29:27'),
(52, 14, 'Amparo Luettgen V', 'Enim dolores laborum debitis omnis quos nulla doloremque. Sequi quo error qui qui aut. Libero quam esse doloribus.', 3, '2020-04-29 07:29:27', '2020-04-29 07:29:27'),
(53, 47, 'Julia Mills', 'Veritatis et blanditiis corporis alias esse eius vero et. Sint dignissimos ad debitis ratione autem eligendi ipsam. Eos quis repellendus excepturi. Et magnam nobis eum nesciunt.', 2, '2020-04-29 07:29:27', '2020-04-29 07:29:27'),
(54, 41, 'Rubye Kuhn', 'Et ut nihil exercitationem alias et officia. Nihil aut suscipit occaecati. Qui porro magni sit.', 4, '2020-04-29 07:29:28', '2020-04-29 07:29:28'),
(55, 15, 'Prof. Kurtis Thompson', 'Reprehenderit est laboriosam quos eos. Dolorem laudantium quo omnis non et.', 4, '2020-04-29 07:29:28', '2020-04-29 07:29:28'),
(56, 50, 'Omer Simonis', 'Qui id quos ullam commodi optio. Sit nemo iusto omnis quis quam explicabo omnis hic. Ipsum soluta ab eum autem ab soluta.', 4, '2020-04-29 07:29:28', '2020-04-29 07:29:28'),
(57, 14, 'Kaden Brown', 'Deleniti impedit ut non ab maxime sit temporibus. Unde consequuntur rerum eos eligendi temporibus et. Veritatis a provident dolorum veniam in nobis. Qui doloremque possimus libero esse asperiores velit ad.', 5, '2020-04-29 07:29:28', '2020-04-29 07:29:28'),
(58, 12, 'Jairo Daniel', 'Dolore itaque mollitia et sunt. Necessitatibus expedita voluptatem esse pariatur. Quos temporibus eius quam autem. Est dolorum voluptatem animi modi aut tenetur.', 3, '2020-04-29 07:29:28', '2020-04-29 07:29:28'),
(59, 39, 'Marilou Pfeffer', 'Delectus modi a ut. Cumque est quas error et quo aut dolorum. Expedita nam et quia reiciendis ratione.', 5, '2020-04-29 07:29:28', '2020-04-29 07:29:28'),
(60, 25, 'Eden Baumbach', 'Vero nemo iste fugiat aut veritatis. Beatae numquam velit itaque et. Animi harum sint modi quia officiis pariatur blanditiis.', 4, '2020-04-29 07:29:28', '2020-04-29 07:29:28'),
(61, 25, 'Jaquelin Franecki', 'Sunt rerum perspiciatis ab ea. Aut consectetur mollitia occaecati ipsum qui necessitatibus. Illo asperiores maxime voluptas ut. Tempore soluta voluptatum id perspiciatis sint.', 4, '2020-04-29 07:29:29', '2020-04-29 07:29:29'),
(62, 45, 'Mrs. Lacey Dickens', 'Est impedit aut rerum ea rerum aut culpa accusantium. Veritatis pariatur dolorem qui sit voluptas id et et. Quas quae eaque vero dolorem. Odio id sed est. Aspernatur consequuntur eius veniam recusandae aut quasi iure.', 0, '2020-04-29 07:29:29', '2020-04-29 07:29:29'),
(63, 39, 'Daisy Sipes', 'Vel magnam eius non perspiciatis earum repudiandae. Qui dolores quo dicta similique.', 2, '2020-04-29 07:29:29', '2020-04-29 07:29:29'),
(64, 41, 'Akeem Lakin', 'Ut quae qui cum. Quibusdam cumque et in impedit velit. Voluptatem qui fugiat eius et ut soluta.', 3, '2020-04-29 07:29:29', '2020-04-29 07:29:29'),
(65, 3, 'Adelia Funk DVM', 'Eum possimus tempore doloremque id quis non. Earum qui voluptas autem ipsum. Non debitis vel est.', 1, '2020-04-29 07:29:29', '2020-04-29 07:29:29'),
(66, 43, 'Mr. Donnell Stiedemann', 'Fuga ipsum molestias quia id repudiandae vitae. Fugiat voluptas rerum fuga ut et. Sunt blanditiis ullam dolorem aut voluptatem nemo temporibus quia.', 4, '2020-04-29 07:29:29', '2020-04-29 07:29:29'),
(67, 38, 'Darien Heathcote', 'Asperiores dolores commodi est. Veniam assumenda qui numquam ipsa reiciendis aut quos ut. Sit sunt nisi voluptatem sed eveniet atque. Tempora consequatur dolorem deleniti quia.', 4, '2020-04-29 07:29:29', '2020-04-29 07:29:29'),
(68, 19, 'Prof. Federico Yundt', 'Non cupiditate omnis quae qui sequi. Facere ea provident similique. Minus laudantium consequuntur soluta aut quos. Impedit sit totam et in.', 3, '2020-04-29 07:29:30', '2020-04-29 07:29:30'),
(69, 26, 'Mr. Adalberto Wisoky III', 'Explicabo enim pariatur quaerat fuga. Asperiores ipsa est repudiandae et perspiciatis quia veniam. Et architecto eaque veniam officia voluptate necessitatibus earum.', 5, '2020-04-29 07:29:30', '2020-04-29 07:29:30'),
(70, 40, 'Miss Kaylah Terry Jr.', 'At quae consequatur eaque ipsa doloremque. Quia dolorem sunt fuga fuga optio reprehenderit repudiandae ipsum. Odio facilis qui soluta blanditiis error modi.', 0, '2020-04-29 07:29:30', '2020-04-29 07:29:30'),
(71, 5, 'Burdette Lind', 'Laborum sint voluptatem in vel quidem veniam. Ducimus voluptatem repellendus odit et. Adipisci dolore iure fuga iste eaque consequatur qui assumenda. Blanditiis id eum asperiores nesciunt voluptas voluptatem.', 0, '2020-04-29 07:29:30', '2020-04-29 07:29:30'),
(72, 39, 'Prof. Filiberto Reichel PhD', 'Amet assumenda est soluta est dolorem. Quam autem impedit fugit necessitatibus ut reprehenderit quisquam. Et ullam consequatur quos dolores autem praesentium enim. Perferendis molestiae rerum fugiat saepe.', 3, '2020-04-29 07:29:30', '2020-04-29 07:29:30'),
(73, 2, 'Alessandro Ortiz', 'Saepe perspiciatis exercitationem velit aperiam quia error aliquam. Autem praesentium adipisci ut. A ut dolorem fugit dolorem eius. Officiis dolores dolore reprehenderit aut officia omnis quos.', 1, '2020-04-29 07:29:30', '2020-04-29 07:29:30'),
(74, 3, 'Prof. Giovanni Goyette II', 'Commodi cupiditate sequi corrupti quidem. Eligendi aliquam maxime rem dolor sint esse dolorum. Temporibus modi debitis minima odio fugiat fuga. Quidem aspernatur tempore quia consequatur veritatis.', 5, '2020-04-29 07:29:31', '2020-04-29 07:29:31'),
(75, 19, 'Jazmin Kertzmann', 'Placeat quibusdam et aliquid ullam alias. Cum dolores sint quis qui quia suscipit rerum. Sint tempora voluptatum deserunt sunt ea autem. Nihil voluptates quia magni quos soluta expedita.', 4, '2020-04-29 07:29:31', '2020-04-29 07:29:31'),
(76, 29, 'Diego Parker', 'Officiis occaecati quidem alias ex non magni. Sint totam nobis quo cum et odio. Eveniet sit impedit dignissimos aspernatur id.', 2, '2020-04-29 07:29:31', '2020-04-29 07:29:31'),
(77, 40, 'Prof. Twila Zboncak', 'Est sit fugiat qui minus quia ullam. Id sunt harum voluptas architecto.', 0, '2020-04-29 07:29:31', '2020-04-29 07:29:31'),
(78, 50, 'Aglae Donnelly PhD', 'Libero labore et maiores voluptatem quae. Fuga aut velit dolorem veniam alias. Voluptatibus facere quo accusamus omnis est culpa ut. Accusantium omnis reiciendis voluptas molestias.', 5, '2020-04-29 07:29:31', '2020-04-29 07:29:31'),
(79, 2, 'Demetrius Thiel I', 'Asperiores quia eum et ipsum quod sed natus. Iure molestiae est aliquam at exercitationem animi.', 5, '2020-04-29 07:29:31', '2020-04-29 07:29:31'),
(80, 37, 'Mr. Ottis Wilderman V', 'Aut vero deserunt consequatur voluptatum enim ut. Nesciunt id explicabo aliquid dolorum sed et qui aut. Facilis consequuntur aut aliquam qui cumque vitae.', 1, '2020-04-29 07:29:32', '2020-04-29 07:29:32'),
(81, 33, 'Cristian Toy', 'Laborum itaque laborum excepturi rem debitis. Et reprehenderit et fugit debitis. Hic impedit vel eaque saepe molestiae rerum qui.', 4, '2020-04-29 07:29:32', '2020-04-29 07:29:32'),
(82, 4, 'Berta Wisoky Sr.', 'Rerum consequatur aut commodi sapiente quaerat qui et. Nam vel ut impedit sunt. Consequatur ut animi sunt expedita harum et. Velit iusto natus dolor vel possimus.', 4, '2020-04-29 07:29:32', '2020-04-29 07:29:32'),
(83, 41, 'Prof. Brando Lowe DVM', 'Ipsa explicabo ullam dolores minima ut odit ut. Velit quae alias dolorum quo quis. Animi sunt ducimus assumenda aperiam.', 4, '2020-04-29 07:29:32', '2020-04-29 07:29:32'),
(84, 34, 'Kylee Wiegand', 'Corrupti non non nulla a incidunt. Modi et cumque recusandae assumenda magni fuga. Vero et voluptate consequatur fugiat incidunt rem. Quibusdam ducimus similique rerum.', 3, '2020-04-29 07:29:32', '2020-04-29 07:29:32'),
(85, 2, 'Erica Baumbach', 'Eos voluptatem optio ut ut. Nam aut quae modi voluptatem. Ab et pariatur placeat vel quo sapiente labore. Non sit est voluptatem praesentium.', 3, '2020-04-29 07:29:32', '2020-04-29 07:29:32'),
(86, 19, 'Emilia Bergnaum', 'Dignissimos dicta nostrum suscipit. Ullam qui modi asperiores. Nobis unde similique quasi ipsum accusamus qui eos. Dignissimos culpa iste amet.', 5, '2020-04-29 07:29:32', '2020-04-29 07:29:32'),
(87, 16, 'Tanner Collier', 'Eveniet harum quia repellat odit nihil beatae saepe. Reprehenderit dolor eligendi iusto ut veritatis. Aliquam et et a incidunt aperiam voluptas non. Soluta dolorem omnis veritatis aliquid.', 2, '2020-04-29 07:29:32', '2020-04-29 07:29:32'),
(88, 30, 'Prof. Josie Fritsch', 'Error ipsam repudiandae laudantium sunt. Suscipit eveniet eum sequi expedita non et laborum. Ut amet nihil cupiditate vero laudantium voluptatibus iusto. Qui veritatis tempora voluptatem iste harum. Sit iste adipisci corrupti ab facilis eveniet sint.', 5, '2020-04-29 07:29:32', '2020-04-29 07:29:32'),
(89, 46, 'Prof. Davin Metz Jr.', 'Debitis omnis consequatur ab et. Voluptates blanditiis a impedit nihil. Ea omnis aliquid fugit vitae quibusdam. Dolor alias dolore odit assumenda qui non.', 2, '2020-04-29 07:29:33', '2020-04-29 07:29:33'),
(90, 30, 'Mrs. Elda Hilpert IV', 'Provident ducimus deleniti autem harum odit culpa. Voluptatem dolorum quis vel dignissimos unde. Rerum aut autem qui et nam impedit.', 1, '2020-04-29 07:29:33', '2020-04-29 07:29:33'),
(91, 12, 'Mrs. Princess Runte DVM', 'Necessitatibus in voluptate possimus nesciunt deserunt ipsa. Dicta necessitatibus itaque voluptas consequatur voluptas. Omnis omnis voluptatem error quo error et. Nobis tempore est cupiditate quod officiis explicabo et.', 0, '2020-04-29 07:29:33', '2020-04-29 07:29:33'),
(92, 9, 'Linnie McKenzie', 'Facere eos soluta quo sunt. Placeat repudiandae est in fugit. Perspiciatis mollitia dolorum et id consequatur voluptatem. Laudantium sequi facilis repudiandae qui enim quia.', 5, '2020-04-29 07:29:33', '2020-04-29 07:29:33'),
(93, 19, 'Wendy Howell', 'Ut pariatur sit eveniet nesciunt. Mollitia rerum accusantium eius. Non ut a dignissimos voluptates quod. Ea dolorem ut dolore unde deserunt quis.', 0, '2020-04-29 07:29:33', '2020-04-29 07:29:33'),
(94, 1, 'Prof. Hilario Rogahn Jr.', 'Officiis corporis ut consequuntur nulla exercitationem voluptatem ut. Saepe sit veniam molestias saepe nam. Iure occaecati omnis temporibus.', 5, '2020-04-29 07:29:33', '2020-04-29 07:29:33'),
(95, 38, 'Prof. Kiera Christiansen', 'Ducimus delectus eaque sint praesentium. Itaque dolores minima quo veniam eveniet. Iste error ut quis.', 1, '2020-04-29 07:29:33', '2020-04-29 07:29:33'),
(96, 40, 'Aurelia Kerluke IV', 'Culpa neque ut est qui officiis voluptatem. Consectetur sint explicabo placeat ea. Doloribus aut dicta autem quia error nisi facilis cumque. Et totam architecto voluptatem optio ea. Qui voluptas iste aut quibusdam.', 4, '2020-04-29 07:29:33', '2020-04-29 07:29:33'),
(97, 47, 'Chanel McLaughlin Sr.', 'Omnis in rerum sed delectus beatae facere. Labore ratione voluptates cum delectus. Voluptatum sed eligendi quas recusandae voluptas sunt dolore. Alias et quis doloremque et. Voluptate voluptatibus et dolores dicta provident voluptate ipsa.', 2, '2020-04-29 07:29:33', '2020-04-29 07:29:33'),
(98, 42, 'Fredy Emmerich', 'Consequuntur ipsa pariatur nesciunt nihil incidunt. Aliquid est repellat quos sed placeat laboriosam ea. Sint dolorum voluptatem molestiae quasi maxime quasi repudiandae.', 2, '2020-04-29 07:29:34', '2020-04-29 07:29:34'),
(99, 8, 'Prof. Clair Hagenes', 'Ut et culpa quos. Ut modi delectus occaecati et quis beatae voluptas. Est ad commodi non qui amet consequatur enim.', 4, '2020-04-29 07:29:34', '2020-04-29 07:29:34'),
(100, 46, 'Delphine Boyle', 'Incidunt ipsum laborum et atque. Labore sit doloribus eius ratione iste magnam. Consequatur quaerat et minima dolores error.', 2, '2020-04-29 07:29:34', '2020-04-29 07:29:34'),
(101, 45, 'Luz O\'Keefe', 'Omnis totam earum deserunt reiciendis inventore ea. Vel et non voluptate eum et culpa eaque nobis.', 0, '2020-04-29 07:29:34', '2020-04-29 07:29:34'),
(102, 48, 'Prof. Jackie Satterfield', 'Porro et voluptas nulla repudiandae ea. Ut aliquam ut omnis provident non rerum non velit. Alias non sunt culpa eligendi ipsa et. Quia ut adipisci ut.', 3, '2020-04-29 07:29:34', '2020-04-29 07:29:34'),
(103, 27, 'Buck Predovic', 'Voluptas natus dolor nesciunt quasi accusantium. Et vero ab facere libero unde. Expedita porro adipisci dolorem pariatur voluptates nulla dicta. Sunt aut neque nam et culpa modi.', 4, '2020-04-29 07:29:34', '2020-04-29 07:29:34'),
(104, 42, 'Buster Heidenreich', 'Iure fuga et qui et quia qui. Necessitatibus sint omnis voluptatibus omnis sed maiores.', 3, '2020-04-29 07:29:34', '2020-04-29 07:29:34'),
(105, 30, 'Oran Terry', 'Velit dolores velit eum blanditiis. Labore accusantium accusantium maxime est minus est enim. Optio minus excepturi quia quos accusamus animi molestiae.', 4, '2020-04-29 07:29:34', '2020-04-29 07:29:34'),
(106, 36, 'Jason Roob IV', 'Repudiandae dolorem fuga debitis soluta eaque aut illo. Qui ducimus qui expedita omnis aut animi. Consequatur ut et officiis est provident autem. Id id quia animi consequuntur et vel. Harum sed voluptatibus est enim sequi et non.', 4, '2020-04-29 07:29:35', '2020-04-29 07:29:35'),
(107, 10, 'Terrance Braun', 'Ea dolor dolores voluptatem ut cum. Natus dolor amet asperiores fugit et. Nobis amet necessitatibus non. At et soluta numquam repellendus.', 5, '2020-04-29 07:29:35', '2020-04-29 07:29:35'),
(108, 17, 'Mr. Sylvester Jerde', 'Facere enim eligendi quisquam atque veniam deleniti. Et perspiciatis numquam quo sed officiis explicabo. Consequatur reprehenderit nesciunt accusantium nulla sint omnis magnam.', 5, '2020-04-29 07:29:35', '2020-04-29 07:29:35'),
(109, 48, 'Tierra Kassulke', 'Praesentium eos maxime alias quod culpa deleniti aperiam ut. Maxime qui voluptas ut et rerum aut magnam ab. Soluta eum molestiae occaecati expedita culpa nisi illum. Dolorem distinctio omnis aspernatur sint voluptatem qui.', 4, '2020-04-29 07:29:35', '2020-04-29 07:29:35'),
(110, 25, 'Katelynn Bartoletti', 'Et soluta voluptatem hic consequatur reiciendis vero. Sint neque et sunt quos facilis ratione est illo. Rem dignissimos ea libero fugit voluptate. Voluptatem quod suscipit dolorem placeat quis.', 0, '2020-04-29 07:29:35', '2020-04-29 07:29:35'),
(111, 35, 'Ms. Gilda Simonis', 'Voluptas sunt occaecati dolores aut. Dolorem vitae quidem nemo.', 5, '2020-04-29 07:29:35', '2020-04-29 07:29:35'),
(112, 12, 'Eudora Ward', 'Dolore sunt repellat laudantium sit repudiandae facilis. Suscipit sunt ipsum libero quia dolorem eum nam. Ut omnis consequatur optio in et qui et quod. Tempora enim magnam omnis vero doloribus a fugiat. Sint occaecati animi consequatur non quo autem.', 2, '2020-04-29 07:29:35', '2020-04-29 07:29:35'),
(113, 38, 'Mr. Marques Hill', 'Quas sunt voluptas voluptatem consequuntur. Reiciendis aut aliquam sit magni eligendi quia. Enim occaecati sunt sunt nulla recusandae architecto ut. Autem quasi beatae odit cumque cum ipsa officiis.', 4, '2020-04-29 07:29:35', '2020-04-29 07:29:35'),
(114, 5, 'Miss Celine Sporer PhD', 'Dignissimos repellendus rerum dolore asperiores aspernatur earum veniam temporibus. Rerum distinctio adipisci ab earum.', 1, '2020-04-29 07:29:36', '2020-04-29 07:29:36'),
(115, 45, 'Bernadette Leannon', 'Dolores aspernatur repellat ad at qui sint doloribus atque. Rerum fugit eveniet excepturi molestias. Non quod vero rerum commodi beatae fugiat nesciunt.', 2, '2020-04-29 07:29:36', '2020-04-29 07:29:36'),
(116, 39, 'Ebba Larson', 'Ab vel culpa quisquam et voluptate odit atque. Asperiores dignissimos maxime debitis et doloribus. Consectetur aut modi natus sit dolores error. Aut minima cum non nihil quaerat consequatur a dignissimos.', 2, '2020-04-29 07:29:36', '2020-04-29 07:29:36'),
(117, 12, 'Orrin Mraz III', 'Commodi laudantium officia aut aut provident. Officiis voluptatem sint molestiae blanditiis. Et sunt amet quasi aut.', 4, '2020-04-29 07:29:36', '2020-04-29 07:29:36'),
(118, 13, 'Vicky Schuster', 'A est tempora asperiores at voluptate necessitatibus saepe. Dignissimos molestiae aut expedita perferendis.', 3, '2020-04-29 07:29:36', '2020-04-29 07:29:36'),
(119, 28, 'Darren Murphy', 'Et sunt consectetur quidem ab odit doloribus. Perspiciatis et dicta vero. Eos et cupiditate cupiditate harum ut praesentium rem. Neque magnam eveniet amet nemo assumenda corporis mollitia.', 3, '2020-04-29 07:29:37', '2020-04-29 07:29:37'),
(120, 13, 'Karlee Conn', 'Eum nisi ut ipsa aut voluptatem voluptate qui. Sit aut dignissimos rerum minima. Exercitationem consequatur ad ad tempore necessitatibus consequatur deserunt. Molestias officiis ea natus adipisci accusamus.', 4, '2020-04-29 07:29:37', '2020-04-29 07:29:37'),
(121, 12, 'Prof. Christiana DuBuque MD', 'Deserunt exercitationem tenetur beatae dolor et eveniet voluptatum. Cupiditate natus est maxime perspiciatis nisi et facilis. Veniam qui exercitationem ab ratione aspernatur mollitia. Nihil perferendis magnam iusto rerum temporibus eius assumenda.', 0, '2020-04-29 07:29:37', '2020-04-29 07:29:37'),
(122, 37, 'Bryce Kessler', 'Earum ducimus itaque qui qui rem. Id quae soluta quibusdam harum quam animi.', 0, '2020-04-29 07:29:37', '2020-04-29 07:29:37'),
(123, 13, 'Prof. Jayda Kling', 'Sequi ipsa neque error vel illo officiis blanditiis maiores. Explicabo et quaerat eos illum. Molestiae voluptates voluptatem illo itaque dolorem non. Tenetur nesciunt voluptatem veniam velit consequatur ut quia.', 4, '2020-04-29 07:29:37', '2020-04-29 07:29:37'),
(124, 1, 'Prof. Savanna Crist DDS', 'Amet facere nostrum laudantium quasi culpa sint. Quia est explicabo velit soluta distinctio commodi sunt. Dolorum molestiae ut magnam illo eligendi ullam qui.', 4, '2020-04-29 07:29:37', '2020-04-29 07:29:37'),
(125, 11, 'Tia Leannon', 'Magni ut harum rerum. Ipsa dignissimos quo eum qui. Omnis fugit repudiandae accusantium et.', 4, '2020-04-29 07:29:38', '2020-04-29 07:29:38'),
(126, 9, 'Georgiana Prosacco', 'Sequi qui hic animi quos. Quisquam aut perferendis fugiat enim facere. In natus voluptatibus cum veritatis libero velit. Iste adipisci suscipit quos quibusdam. Est dicta repellat dolor qui et.', 0, '2020-04-29 07:29:38', '2020-04-29 07:29:38'),
(127, 47, 'Timothy Adams', 'Voluptatem necessitatibus molestiae ab nesciunt. Est quasi repudiandae esse vel et cumque. Maiores inventore et consequatur ex.', 2, '2020-04-29 07:29:38', '2020-04-29 07:29:38'),
(128, 13, 'Verla Renner PhD', 'Esse soluta est sunt non reiciendis tempora dolores quasi. Quo nesciunt tempora qui laudantium. Dignissimos quas esse omnis minima fuga et.', 0, '2020-04-29 07:29:38', '2020-04-29 07:29:38'),
(129, 4, 'Eliane Spinka', 'Numquam voluptas nisi sint voluptatum laborum fugiat omnis. Doloribus qui laudantium vero et dolorum ullam odio. Ut dolor quam quos similique quisquam. Rerum autem odio laboriosam voluptas voluptates.', 0, '2020-04-29 07:29:38', '2020-04-29 07:29:38'),
(130, 22, 'Alexys Schumm V', 'Ipsam occaecati blanditiis sit nulla quibusdam debitis. Ullam quod rerum qui maxime error eius. Quod dignissimos mollitia consequatur quam. Eaque rerum deleniti repellendus aut dolorem accusantium et.', 1, '2020-04-29 07:29:39', '2020-04-29 07:29:39'),
(131, 36, 'Loy Romaguera', 'Cupiditate minima eaque quia veritatis. Est aperiam atque ipsa enim fuga.', 3, '2020-04-29 07:29:39', '2020-04-29 07:29:39'),
(132, 38, 'Oswald Auer', 'Sed qui quia maxime et amet nihil. Et ipsam commodi sunt sequi officiis. Excepturi quisquam explicabo vitae iure eum.', 0, '2020-04-29 07:29:39', '2020-04-29 07:29:39'),
(133, 5, 'Mr. Waldo Wuckert', 'Deserunt aspernatur corrupti repellat voluptatibus cum sint saepe. Non labore quas totam aliquam. Quia in ea aut qui soluta.', 5, '2020-04-29 07:29:39', '2020-04-29 07:29:39'),
(134, 34, 'Therese Stanton', 'Sed natus ut ut ut perferendis reiciendis deleniti. Sed dolorem nulla repellendus et ad vitae. Quia inventore voluptatibus dignissimos vitae.', 3, '2020-04-29 07:29:40', '2020-04-29 07:29:40'),
(135, 30, 'Adonis Morissette', 'Voluptatibus a rerum vel aliquid. Reprehenderit sit eum nemo aliquam.', 1, '2020-04-29 07:29:40', '2020-04-29 07:29:40'),
(136, 27, 'Annabel Morissette', 'Et ut dolore illum. Ut vel ut consectetur recusandae mollitia qui quas. Debitis consequuntur neque minus. Illo tenetur amet sunt qui est in doloribus.', 0, '2020-04-29 07:29:40', '2020-04-29 07:29:40'),
(137, 17, 'Joyce Ondricka', 'Adipisci laudantium qui sed repellendus recusandae. Non non vel voluptas ut exercitationem id.', 3, '2020-04-29 07:29:41', '2020-04-29 07:29:41'),
(138, 8, 'Adelle Rosenbaum IV', 'Officia qui iusto expedita quo. Cum voluptatem ipsam pariatur repellat et deleniti.', 3, '2020-04-29 07:29:41', '2020-04-29 07:29:41'),
(139, 28, 'Susana Adams', 'Ut in fugiat et quia ullam. Id assumenda consectetur assumenda aut. Et aut et unde quisquam.', 5, '2020-04-29 07:29:41', '2020-04-29 07:29:41'),
(140, 18, 'Harley Champlin', 'Rem at mollitia at dolorum voluptatem. Pariatur voluptates ipsa rem aliquam et. Quo in velit adipisci minima est. Voluptatem quod cupiditate impedit facilis.', 1, '2020-04-29 07:29:41', '2020-04-29 07:29:41'),
(141, 22, 'Mrs. Flo Runolfsson DDS', 'Rem voluptatum quod eligendi minus ea aut voluptates. Dolorem tempora aut reprehenderit possimus at. Fuga architecto voluptatem perspiciatis non nulla sequi nihil. Vitae rerum labore quae pariatur illum aspernatur.', 0, '2020-04-29 07:29:41', '2020-04-29 07:29:41'),
(142, 23, 'Kenyon Kuhic', 'Impedit consectetur aut laboriosam eum. Voluptatibus sint quia molestiae. Aut occaecati omnis unde dignissimos quia odit.', 2, '2020-04-29 07:29:41', '2020-04-29 07:29:41'),
(143, 29, 'Taylor Bahringer PhD', 'Voluptatibus et enim perspiciatis et similique quibusdam assumenda. Enim ratione necessitatibus debitis sit delectus omnis autem. Quibusdam dolore exercitationem voluptatem sed.', 0, '2020-04-29 07:29:42', '2020-04-29 07:29:42'),
(144, 28, 'Mario Sawayn', 'Iusto consequatur molestias nam enim ipsam optio quia. Suscipit est neque qui et repellendus harum qui. Molestiae autem voluptate quis voluptatem laborum.', 3, '2020-04-29 07:29:42', '2020-04-29 07:29:42'),
(145, 36, 'Assunta Hyatt', 'Voluptates minima eum porro optio. Ut voluptatibus officiis tempora qui quam. Perferendis qui saepe esse qui sed. In eum dolores nostrum repellat.', 5, '2020-04-29 07:29:42', '2020-04-29 07:29:42'),
(146, 20, 'Mr. Gino Rutherford III', 'Ex aspernatur eum soluta commodi et expedita voluptas. Dicta neque similique magnam modi quia natus. Magni sint ea ratione nulla eligendi rerum libero. Id et laborum sint quia asperiores.', 0, '2020-04-29 07:29:42', '2020-04-29 07:29:42'),
(147, 18, 'Prof. Missouri O\'Connell IV', 'Saepe esse illo accusantium aliquam ea. Et fugiat atque ad quaerat. A porro consequuntur nobis eligendi. Provident quia voluptas voluptatem ratione ad.', 0, '2020-04-29 07:29:42', '2020-04-29 07:29:42'),
(148, 38, 'Dr. Queen Haag', 'Quis ipsa labore omnis et quos recusandae. Qui aut accusantium ducimus ipsum ex molestiae aut. Nostrum vel at harum molestias labore nulla impedit. Ad et veritatis corporis id et enim quae totam.', 0, '2020-04-29 07:29:42', '2020-04-29 07:29:42'),
(149, 25, 'Akeem Hirthe', 'Blanditiis qui laudantium voluptates dicta blanditiis neque hic est. Nostrum nemo eum reiciendis eos et. Occaecati vel quia ipsum tempore et minus.', 1, '2020-04-29 07:29:42', '2020-04-29 07:29:42'),
(150, 9, 'Constance Carroll', 'Enim voluptatum omnis deserunt quos nobis eaque. Quo ea culpa laudantium sint optio quasi et. Earum excepturi consequatur consequuntur explicabo qui iste.', 5, '2020-04-29 07:29:42', '2020-04-29 07:29:42'),
(151, 6, 'Monserrate Flatley', 'Voluptas ea omnis corrupti incidunt omnis architecto sed. Culpa reprehenderit aut impedit dolor. Aspernatur consectetur accusamus sed. Sit qui dolores ut quis.', 0, '2020-04-29 07:29:43', '2020-04-29 07:29:43'),
(153, 2, 'Cristian Schaefer', 'Architecto ut adipisci molestiae dolores omnis. Nam unde eum sed libero error non quas. Nulla laboriosam veniam sed reprehenderit. In nobis velit et dolor qui enim porro.', 0, '2020-04-29 07:29:43', '2020-04-29 07:29:43'),
(154, 7, 'Emiliano Wiegand Jr.', 'Unde est dolorem veniam iusto alias non. Qui et modi et corporis repellendus possimus dolor eligendi. Quis pariatur aut rerum quos dolorem explicabo et. Voluptatem sed ad sunt expedita dolor alias. Et consequatur eum aliquam aliquid sunt at.', 2, '2020-04-29 07:29:43', '2020-04-29 07:29:43'),
(155, 8, 'Zoie Swaniawski I', 'In amet cupiditate est et consequatur ipsa error. Est sint nisi molestiae libero qui modi id. Facere nihil iste asperiores.', 5, '2020-04-29 07:29:43', '2020-04-29 07:29:43'),
(156, 25, 'Mrs. Amya Cole', 'Rerum culpa ut et provident. Optio molestiae provident omnis sed consequuntur occaecati. Voluptas voluptas sit quo. Repellendus molestiae fugiat reprehenderit autem voluptatem nihil. Aut est vel ea natus voluptatem corporis tenetur.', 4, '2020-04-29 07:29:43', '2020-04-29 07:29:43'),
(157, 21, 'Miss Dorothea Crooks', 'Quae iste autem voluptate. Omnis et occaecati eaque tenetur labore sit saepe. Deserunt odio iure aut qui minus.', 0, '2020-04-29 07:29:43', '2020-04-29 07:29:43'),
(158, 40, 'Arianna Braun', 'Enim ipsum impedit et eum temporibus quasi eos. Ut voluptates laboriosam laboriosam voluptate fugiat eligendi accusamus. Et quo occaecati molestiae tempora sapiente. Aut sapiente aut nisi qui quisquam.', 4, '2020-04-29 07:29:43', '2020-04-29 07:29:43'),
(159, 30, 'Dr. Jodie Parker', 'Expedita molestias iste minus ex qui eveniet. Quo debitis maiores voluptatibus culpa. Repellendus nihil quas et ut numquam in.', 1, '2020-04-29 07:29:43', '2020-04-29 07:29:43'),
(160, 27, 'Sierra Altenwerth', 'Qui culpa dignissimos quas officia consequatur magni. Omnis et aspernatur qui velit temporibus neque voluptatem rerum. Sint repudiandae voluptatem fugiat quod similique est. Ipsum numquam rerum et quasi et.', 1, '2020-04-29 07:29:44', '2020-04-29 07:29:44'),
(161, 38, 'Nyah Gutkowski', 'Amet saepe et ratione placeat itaque. Error quo voluptatem repellat omnis aliquid. Fugiat alias non sunt velit.', 4, '2020-04-29 07:29:44', '2020-04-29 07:29:44'),
(162, 40, 'Jan Langworth', 'Illum distinctio beatae cumque aut qui quis exercitationem mollitia. Temporibus consequatur non ipsum alias consequatur ullam ut. Eveniet quam rerum qui officia inventore atque dignissimos. Est aliquid quas voluptas tempora quod.', 0, '2020-04-29 07:29:44', '2020-04-29 07:29:44'),
(163, 16, 'Prof. Aletha Stamm Jr.', 'Dolorem dolores sed ut nesciunt. Labore voluptatem alias quis atque est perspiciatis ut. Iure esse aut enim debitis esse sunt qui. Qui qui ut est qui aperiam ea. Consequatur nihil consectetur et sunt quas veritatis veritatis.', 3, '2020-04-29 07:29:44', '2020-04-29 07:29:44'),
(164, 31, 'Leonie Kuphal', 'Aliquid quia ut deserunt. Et quia a laborum necessitatibus iure alias. Tenetur distinctio ipsam ratione officia laboriosam. Sed nam quisquam modi est in eum.', 2, '2020-04-29 07:29:44', '2020-04-29 07:29:44'),
(165, 42, 'Elias Oberbrunner', 'Est ipsum occaecati tempore et eaque voluptas quod. Pariatur dolorem voluptatum tempore. Atque id exercitationem vel occaecati unde dolores placeat. Rem dicta amet ratione aut et deleniti deserunt.', 5, '2020-04-29 07:29:44', '2020-04-29 07:29:44'),
(166, 21, 'Zander Corwin', 'Quae temporibus expedita rerum doloremque. Maxime laborum fuga reprehenderit nobis laudantium molestias odio voluptatem. Doloribus libero asperiores eos et et unde vitae. Eum quia quod esse saepe voluptatibus recusandae.', 3, '2020-04-29 07:29:44', '2020-04-29 07:29:44'),
(167, 25, 'Adriana Armstrong', 'Voluptatem qui atque aut minima recusandae dignissimos. Iure et magni placeat amet enim.', 2, '2020-04-29 07:29:45', '2020-04-29 07:29:45'),
(168, 24, 'Daphney Davis', 'Consequuntur et culpa voluptatem aut impedit. Recusandae autem quidem soluta nam. Inventore voluptatem autem excepturi consequuntur quis.', 4, '2020-04-29 07:29:45', '2020-04-29 07:29:45'),
(169, 34, 'Libby Hansen III', 'Dolores velit ullam laborum et. Doloribus dolor nam molestiae assumenda dolore sint quis in. Est quis odio qui quisquam reprehenderit quidem. Amet et aut et totam illum doloribus ea.', 3, '2020-04-29 07:29:45', '2020-04-29 07:29:45'),
(170, 42, 'Estevan Turner I', 'Id ipsam est reiciendis et molestias excepturi itaque. Sed id ab deserunt dicta. Provident in hic assumenda esse ad a aspernatur quae.', 0, '2020-04-29 07:29:45', '2020-04-29 07:29:45'),
(171, 16, 'Mrs. Jaclyn Streich', 'Asperiores sit ipsa sint enim placeat. Possimus recusandae at suscipit qui architecto vel. Non consectetur vel similique numquam.', 1, '2020-04-29 07:29:45', '2020-04-29 07:29:45'),
(172, 45, 'Mr. Maurice Barton PhD', 'Dolor ab et aliquam voluptate doloremque iure tempora. Magni eius doloribus voluptas. Modi et beatae consequuntur architecto.', 1, '2020-04-29 07:29:45', '2020-04-29 07:29:45'),
(173, 11, 'Virgil Balistreri', 'Corporis non at id rerum qui dolores et. Est deserunt rerum voluptatem error et harum. Officiis illum possimus eum. Dolor in aliquid sed ipsam sit.', 0, '2020-04-29 07:29:45', '2020-04-29 07:29:45'),
(174, 28, 'Whitney Quitzon Jr.', 'Voluptas in atque eveniet corporis aliquid velit. Consectetur quas ab et quod consequatur. Quos et et eveniet occaecati dignissimos odit accusantium. Ut neque harum aliquam eligendi eius inventore.', 0, '2020-04-29 07:29:45', '2020-04-29 07:29:45'),
(175, 23, 'Dr. Darwin Kozey', 'Aspernatur et vel error sed earum. Non laudantium quis sit. Qui iste dignissimos quasi quis.', 1, '2020-04-29 07:29:45', '2020-04-29 07:29:45'),
(176, 41, 'Estrella Tromp DVM', 'Aut quasi eius magnam pariatur corrupti saepe. Sit autem minus tenetur omnis animi. Nesciunt mollitia autem corrupti sunt. Quam officia quisquam amet quam et.', 2, '2020-04-29 07:29:46', '2020-04-29 07:29:46'),
(177, 28, 'Mr. Toney Wiegand', 'In et quis repellat temporibus. Qui eum labore alias dolores qui et facilis. Omnis vitae totam officiis voluptas officia eos. Et quos laboriosam deleniti hic eum ipsa et.', 0, '2020-04-29 07:29:46', '2020-04-29 07:29:46'),
(178, 16, 'Edwina Russel', 'Ipsam dolore tempore fugiat qui molestiae officia. In ad ipsa odio ut. Asperiores ut ut debitis sit suscipit.', 5, '2020-04-29 07:29:46', '2020-04-29 07:29:46'),
(179, 17, 'Florida Kub', 'Adipisci culpa reprehenderit minus accusantium repellendus nam sit. Necessitatibus ut possimus et et maxime rerum repudiandae et. Quia accusamus illum ab ipsa libero quam. Ut possimus numquam saepe.', 0, '2020-04-29 07:29:46', '2020-04-29 07:29:46'),
(180, 42, 'Jo Cummerata', 'Voluptatem animi dolorum in explicabo rem pariatur. Sapiente magnam quis repudiandae cumque nemo et. Est modi ullam animi harum ea reiciendis qui.', 1, '2020-04-29 07:29:46', '2020-04-29 07:29:46'),
(181, 14, 'Paris Grady', 'A voluptas expedita veniam assumenda. Corrupti ut praesentium exercitationem natus. Placeat vitae placeat voluptates ut.', 0, '2020-04-29 07:29:46', '2020-04-29 07:29:46'),
(182, 12, 'Wilbert Quitzon', 'Nihil praesentium esse sint saepe sed et nostrum. Voluptatibus non rerum ab expedita asperiores qui quibusdam. Corrupti et omnis praesentium nam quis amet voluptas.', 3, '2020-04-29 07:29:46', '2020-04-29 07:29:46'),
(183, 30, 'Jaunita Gerlach', 'Pariatur facere nostrum vel dolorem nostrum sed. Ut assumenda est aperiam ipsam ut ut. Voluptatum quam sed temporibus in atque.', 1, '2020-04-29 07:29:47', '2020-04-29 07:29:47'),
(184, 11, 'Adolf Roob', 'Culpa voluptatem in corporis voluptatem est. Ea officiis facilis quaerat non qui et sunt. Illo distinctio recusandae accusantium ratione voluptas. Sint voluptas itaque aspernatur ab excepturi in.', 5, '2020-04-29 07:29:47', '2020-04-29 07:29:47'),
(185, 45, 'Clement Kunze', 'Accusamus mollitia aliquid totam quae. Sunt temporibus voluptatibus voluptatibus facilis rerum. Tenetur est consequatur voluptates adipisci. Quaerat ut quis rem sit dolor aut eligendi.', 3, '2020-04-29 07:29:47', '2020-04-29 07:29:47'),
(186, 43, 'Estrella Walsh', 'Provident in perspiciatis aut. Aut autem suscipit iste ipsum. Praesentium velit maiores nihil quia aut dolor.', 5, '2020-04-29 07:29:47', '2020-04-29 07:29:47'),
(187, 32, 'Torey Hahn', 'Aut placeat tenetur facilis vero error repellendus. Autem impedit fugiat et iste quos at cupiditate et. Qui sed nostrum qui fugiat ut autem cupiditate. Quibusdam harum expedita qui dignissimos et placeat aut iusto. Doloribus qui corrupti est ea.', 2, '2020-04-29 07:29:47', '2020-04-29 07:29:47'),
(188, 37, 'Isom Padberg', 'Tenetur ipsum ratione sit voluptatum. Excepturi deleniti dolorum id. Voluptatem eum laborum non et consectetur dignissimos veritatis. Adipisci natus voluptatem quo incidunt.', 4, '2020-04-29 07:29:47', '2020-04-29 07:29:47'),
(189, 47, 'Graham Ruecker III', 'Ab magni facere quisquam quo alias voluptatem. Consectetur praesentium error necessitatibus velit iusto mollitia dignissimos. Reprehenderit maiores similique nesciunt est tempora. Unde adipisci provident quia pariatur.', 2, '2020-04-29 07:29:47', '2020-04-29 07:29:47'),
(190, 18, 'Gregory Mertz Sr.', 'Itaque quaerat voluptatibus velit aut. Voluptate laboriosam aut distinctio voluptas doloremque repellendus sit veritatis. Ut molestias quasi asperiores pariatur sed earum non.', 3, '2020-04-29 07:29:47', '2020-04-29 07:29:47'),
(191, 47, 'Katharina Larson', 'Occaecati sequi deleniti veniam ipsam ea. Vel et nihil et hic. Debitis quisquam et voluptates exercitationem. Et cupiditate harum cupiditate totam atque occaecati.', 1, '2020-04-29 07:29:47', '2020-04-29 07:29:47'),
(192, 22, 'Vernon Roberts', 'Quia sit labore dolores placeat atque et quia. Aut alias fuga suscipit odio. Aliquam temporibus aut atque quis maiores rerum.', 0, '2020-04-29 07:29:48', '2020-04-29 07:29:48'),
(193, 29, 'Lori Blanda', 'Inventore ad et voluptatem et delectus non aut. Quia unde error quia nostrum fuga aut laboriosam. Eos hic reprehenderit consequuntur sint aut. Ut et magnam deleniti repellendus.', 0, '2020-04-29 07:29:48', '2020-04-29 07:29:48'),
(194, 20, 'Vergie Renner III', 'Odit quia voluptas ea quas enim debitis. Sapiente qui esse exercitationem explicabo minima dolore. Ea perferendis aut perspiciatis aut ut. Consectetur ab quaerat magnam perferendis sunt consequuntur.', 5, '2020-04-29 07:29:48', '2020-04-29 07:29:48'),
(195, 10, 'Duane Kassulke PhD', 'Minus eligendi repellat molestias doloremque doloremque et ipsa. Quisquam eos atque et velit non delectus est id.', 5, '2020-04-29 07:29:48', '2020-04-29 07:29:48'),
(196, 38, 'Dr. Dulce Jacobson', 'Et qui autem asperiores porro. Porro ducimus quo labore minima animi. Reprehenderit unde totam totam ullam nobis voluptas suscipit.', 5, '2020-04-29 07:29:48', '2020-04-29 07:29:48'),
(197, 5, 'Dr. Petra Koepp PhD', 'Qui explicabo consectetur beatae necessitatibus et quia accusamus. Aliquam aperiam quae earum recusandae. Rem mollitia facere excepturi architecto laborum maiores. Minus autem fugiat aspernatur cupiditate. Numquam saepe fuga quia rerum.', 5, '2020-04-29 07:29:48', '2020-04-29 07:29:48'),
(198, 46, 'Shaina Jacobson', 'Corporis et repudiandae asperiores. Esse quae voluptas beatae non. Pariatur ipsa laboriosam nulla veniam est mollitia voluptatem.', 0, '2020-04-29 07:29:48', '2020-04-29 07:29:48'),
(199, 32, 'Abagail Orn', 'Iusto ab alias accusantium quis similique rerum magnam. Quia dicta laboriosam dolore et mollitia neque cumque.', 0, '2020-04-29 07:29:48', '2020-04-29 07:29:48'),
(200, 36, 'Prof. Carolyne Rohan PhD', 'Velit vitae non qui magnam tempora ut excepturi. Hic saepe quaerat facilis ab sed architecto accusamus. Ut officia ad autem rem ratione consectetur et at. Incidunt dolorem cupiditate et voluptas tenetur itaque.', 0, '2020-04-29 07:29:49', '2020-04-29 07:29:49'),
(201, 4, 'Dr. Electa Haley DVM', 'At distinctio nihil eos. Excepturi quisquam culpa soluta nobis. Nostrum culpa quo recusandae sunt voluptatem eum. Quo recusandae modi aut odit.', 2, '2020-04-29 07:29:49', '2020-04-29 07:29:49'),
(202, 32, 'Norris Macejkovic', 'Molestias voluptates ad a aut. Et assumenda autem temporibus rerum ut voluptatibus molestiae. Facere nobis non in odio. Quisquam est illo provident voluptatem corrupti amet.', 2, '2020-04-29 07:29:49', '2020-04-29 07:29:49'),
(203, 39, 'Myrtle Rowe', 'Qui veritatis voluptatibus quo libero nulla assumenda vel. Aut et et qui aut. Optio veniam id ea dicta laudantium.', 5, '2020-04-29 07:29:49', '2020-04-29 07:29:49'),
(204, 35, 'Nicola Ankunding', 'Ducimus fugiat et voluptatem consequuntur dolorem iure. Qui atque veniam quam fuga quo et. Perspiciatis enim vitae quod ipsa eum nemo. Fuga et et aut accusantium in deserunt blanditiis.', 0, '2020-04-29 07:29:49', '2020-04-29 07:29:49'),
(206, 17, 'Javonte Cassin', 'Neque qui quod quia ipsa in. Ad assumenda placeat ab consectetur voluptas. Totam laborum quo est a esse et maxime praesentium.', 0, '2020-04-29 07:29:49', '2020-04-29 07:29:49'),
(207, 11, 'Elza Wyman Jr.', 'Distinctio omnis laboriosam facere dolorem. Animi facilis facere cumque quaerat sed ut. Voluptatem qui sint dolor magnam voluptate.', 3, '2020-04-29 07:29:50', '2020-04-29 07:29:50'),
(208, 30, 'Luigi Wisoky', 'Saepe est at tempora fugiat perspiciatis illo. Perspiciatis magnam ipsa cum soluta. Aut aut dignissimos eos ab. Atque corporis sunt delectus modi dolorem reiciendis impedit.', 2, '2020-04-29 07:29:50', '2020-04-29 07:29:50'),
(209, 31, 'Christian Konopelski', 'Laudantium cumque ad velit. Qui ut aut eum autem ratione temporibus. Harum reiciendis vero voluptatem quos molestiae natus. Deserunt dolores odio eum.', 5, '2020-04-29 07:29:50', '2020-04-29 07:29:50'),
(210, 29, 'Ladarius Hackett', 'Eos quae ut quis sunt ut. Ut non molestiae tenetur.', 1, '2020-04-29 07:29:50', '2020-04-29 07:29:50'),
(211, 41, 'Theresa Ziemann', 'Ut consequuntur repellendus error. Sed asperiores a quas labore eum. Et sit in quas reprehenderit aperiam doloremque. Dolorem quasi eos cumque rerum repellendus quo.', 2, '2020-04-29 07:29:50', '2020-04-29 07:29:50'),
(212, 4, 'Jeff Fadel', 'Blanditiis dolores dolores recusandae at et enim. Vel dolorem eos recusandae eius ab enim ducimus. Similique ex eos eos consequuntur repellendus est quisquam. Nisi atque quam aut error nobis dolore.', 4, '2020-04-29 07:29:50', '2020-04-29 07:29:50'),
(213, 18, 'Leon Von', 'Reprehenderit numquam possimus qui corrupti. Velit qui corporis non expedita. Vero autem ad qui. Iusto quae doloremque ad inventore aspernatur aut enim. Quo ipsam vel est occaecati omnis repellendus.', 0, '2020-04-29 07:29:51', '2020-04-29 07:29:51'),
(214, 47, 'Amanda Cassin', 'Aut repudiandae dolores cupiditate nulla eius cumque. Saepe reiciendis et nesciunt natus consequatur. Consequatur repellendus explicabo aliquid. Magni accusamus molestias ut dignissimos commodi.', 5, '2020-04-29 07:29:51', '2020-04-29 07:29:51'),
(215, 15, 'Rudolph Emard', 'Rerum excepturi qui repudiandae officia quas iste quia. Autem magnam et vel. Sapiente est qui alias praesentium.', 2, '2020-04-29 07:29:51', '2020-04-29 07:29:51');
INSERT INTO `reviews` (`id`, `product_id`, `customer`, `review`, `star`, `created_at`, `updated_at`) VALUES
(216, 21, 'Prof. Stone Hermiston', 'Deleniti modi omnis voluptatem inventore quod ex. Est est nulla et dolor sit. Nesciunt accusamus iure harum omnis. Unde qui eaque laboriosam impedit ducimus incidunt.', 4, '2020-04-29 07:29:51', '2020-04-29 07:29:51'),
(217, 44, 'Alejandra Harris', 'Facere quod quo est illum tempore. Numquam ullam aliquid aperiam repudiandae dicta veniam. Illum quos vel quis voluptatum. Repellendus praesentium rerum nemo qui sint fugiat.', 5, '2020-04-29 07:29:51', '2020-04-29 07:29:51'),
(219, 7, 'Jayce Ebert', 'Nobis odio est delectus numquam debitis ratione soluta. Amet explicabo corrupti dolores rerum quia ex unde nihil. Delectus non quis assumenda blanditiis in. Quis sint voluptas mollitia minima.', 4, '2020-04-29 07:29:51', '2020-04-29 07:29:51'),
(220, 8, 'Ms. Mireya Ledner Jr.', 'Quia perspiciatis non et fugit qui dolorem. Explicabo aut quod dolor non. Amet nobis labore sit eos consequuntur quam quo. Qui impedit animi nihil. Voluptatem illum omnis debitis aut.', 4, '2020-04-29 07:29:52', '2020-04-29 07:29:52'),
(221, 40, 'Jovanny Walker', 'Vel cupiditate aliquam laborum tempora optio voluptatibus nisi. Rerum odio voluptas nisi consequatur magnam cumque consequatur. Quas et modi quis delectus velit dolores provident. Culpa aut exercitationem ipsam recusandae.', 4, '2020-04-29 07:29:52', '2020-04-29 07:29:52'),
(222, 16, 'Dr. Lina Jaskolski', 'Vitae saepe veniam qui nostrum exercitationem. Eligendi dolore nam soluta voluptas ea perspiciatis. Aut error quia nesciunt perferendis dolor optio hic.', 1, '2020-04-29 07:29:52', '2020-04-29 07:29:52'),
(223, 29, 'Eulah Murray', 'Voluptate sed vero aut aut eligendi iusto similique. Pariatur unde in aut est quo quia. Quos molestiae quos dolorem assumenda possimus. Ea dolorem corrupti temporibus animi. Omnis aut assumenda reprehenderit nihil quis enim.', 3, '2020-04-29 07:29:53', '2020-04-29 07:29:53'),
(224, 22, 'Kim Purdy PhD', 'Accusantium eum rerum asperiores. Nobis molestiae beatae modi necessitatibus doloremque. Accusamus inventore voluptatem omnis saepe iure cum veritatis. Voluptas perferendis illo sunt qui. Quaerat repellat sequi perferendis autem fugiat enim.', 3, '2020-04-29 07:29:53', '2020-04-29 07:29:53'),
(225, 3, 'Ettie Oberbrunner', 'Dolores corporis magnam accusantium nulla eveniet dolor consequatur. Dignissimos doloribus labore vitae sint provident iste. Accusamus iusto ipsa aut alias atque quos nostrum eveniet. Alias dolore ipsum dolore commodi aperiam.', 4, '2020-04-29 07:29:53', '2020-04-29 07:29:53'),
(227, 28, 'Leanna Will', 'Nihil eius est sed. Officiis tempore ipsa ipsum iusto distinctio esse magni. Enim et deserunt dolore eaque.', 3, '2020-04-29 07:29:53', '2020-04-29 07:29:53'),
(229, 36, 'Danika Hintz', 'Perferendis assumenda quasi quibusdam est aut nam. Aut laborum et et eos aut veniam.', 1, '2020-04-29 07:29:54', '2020-04-29 07:29:54'),
(230, 3, 'Alf Collier DVM', 'In vitae minus ipsa aut enim consequatur molestiae. Quaerat earum vel repellat cumque. Ex laboriosam est ea dolores consequatur eaque unde.', 2, '2020-04-29 07:29:54', '2020-04-29 07:29:54'),
(231, 9, 'Josie Batz', 'Aut exercitationem tenetur doloribus ullam sed quia fugit. Aperiam et corporis dicta qui et ad in illum. Recusandae quis consequatur velit dignissimos molestias sit dolore. Voluptatem voluptate libero quis ratione eum.', 3, '2020-04-29 07:29:55', '2020-04-29 07:29:55'),
(232, 40, 'Maymie Hodkiewicz', 'Quo suscipit libero consequatur adipisci. Ea laboriosam doloribus id aut ipsam et soluta. Eveniet dolor et blanditiis labore aut magnam. Error et dolorum sunt.', 0, '2020-04-29 07:29:55', '2020-04-29 07:29:55'),
(233, 8, 'Otto Kihn', 'Magni officia veniam numquam alias id est quis voluptates. Blanditiis perspiciatis at ea. Non error assumenda dolor sit quis cupiditate. Corporis officiis incidunt amet occaecati.', 1, '2020-04-29 07:29:55', '2020-04-29 07:29:55'),
(234, 38, 'Prof. Drake White', 'Molestiae assumenda ea possimus cumque. Laborum voluptas placeat nihil et perferendis. Ut sed earum quos quasi distinctio fuga veniam.', 3, '2020-04-29 07:29:55', '2020-04-29 07:29:55'),
(235, 34, 'Mrs. Haylee Bergnaum DDS', 'Sed deleniti enim cumque aut officia quo. A cumque voluptatem eaque commodi eum. Amet voluptatibus ullam in ullam quod. Et sit ullam sit. Doloremque at dignissimos quia.', 0, '2020-04-29 07:29:55', '2020-04-29 07:29:55'),
(237, 15, 'Kaylee Keeling Sr.', 'Provident veritatis odio dolorem voluptatem quisquam. Eum optio et officia autem. Et dolorem tenetur quisquam.', 4, '2020-04-29 07:29:56', '2020-04-29 07:29:56'),
(238, 40, 'Sandy O\'Hara', 'Atque aut repudiandae veritatis tenetur. Quia iure veniam laboriosam neque. Voluptatem impedit enim fugit iste quas.', 4, '2020-04-29 07:29:56', '2020-04-29 07:29:56'),
(239, 4, 'Pearl Lowe', 'Illo enim et enim quos. Ipsa odit non pariatur accusantium dolorem deleniti velit. Ratione incidunt et vel ullam possimus officia ullam. Dolore ea consequuntur laudantium.', 5, '2020-04-29 07:29:56', '2020-04-29 07:29:56'),
(240, 10, 'Alaina Pfeffer', 'Sed incidunt laborum suscipit necessitatibus aut corporis. Voluptate nam reprehenderit eos eos repudiandae. Modi rem cumque quia quae consequuntur. Ea tempore nihil praesentium voluptates possimus. Culpa sint ducimus necessitatibus.', 2, '2020-04-29 07:29:56', '2020-04-29 07:29:56'),
(241, 32, 'Elmore Cruickshank', 'Asperiores et laborum sit impedit. Ea voluptatem sit libero in facere. Dolorem optio animi quae. Veniam hic animi eligendi ullam sint.', 1, '2020-04-29 07:29:56', '2020-04-29 07:29:56'),
(242, 10, 'Howell Bayer Jr.', 'Ut vero aut rerum culpa consequuntur sapiente est. Aliquam consequatur voluptatem accusamus adipisci reiciendis suscipit aut. Vel molestiae totam expedita ex totam molestias tempora vero. Rerum sunt voluptate et voluptatum molestiae. Ut deleniti doloremque praesentium aut et accusamus.', 3, '2020-04-29 07:29:56', '2020-04-29 07:29:56'),
(243, 3, 'Kendra Abshire', 'Laborum facilis nobis quis omnis ut consequatur assumenda eos. Aut sunt incidunt perspiciatis quasi itaque officiis. Qui mollitia minima numquam ullam id velit nesciunt. Ducimus aut et enim quidem exercitationem deserunt.', 2, '2020-04-29 07:29:57', '2020-04-29 07:29:57'),
(244, 30, 'Alexandria Harber', 'Omnis ut pariatur eos accusamus unde quia. Velit magni voluptatem consequuntur quo voluptates ut consequatur. Harum quis sed commodi sunt.', 4, '2020-04-29 07:29:57', '2020-04-29 07:29:57'),
(245, 46, 'Mandy Lindgren Jr.', 'Exercitationem deserunt sit nesciunt minus. Quia et harum veniam ipsam magnam. Error rerum explicabo non sapiente sed et ipsa. Labore nobis recusandae ipsam quia.', 5, '2020-04-29 07:29:57', '2020-04-29 07:29:57'),
(246, 19, 'Rosetta O\'Keefe', 'Enim omnis et nobis adipisci voluptatem illo et quia. Cum non voluptas nam consequatur. Magni molestiae provident ut ipsum eos eum. At ut autem id quisquam ut voluptas perspiciatis. Sit eaque eos nam facilis harum fuga eveniet facilis.', 4, '2020-04-29 07:29:57', '2020-04-29 07:29:57'),
(247, 6, 'Earlene Gerlach', 'Qui quis nesciunt non deserunt esse non architecto. Esse est ullam explicabo. Laboriosam asperiores sint cupiditate libero minus saepe quia dolorem. Iste aut minus qui mollitia earum dolore commodi. Totam minus commodi expedita amet.', 4, '2020-04-29 07:29:57', '2020-04-29 07:29:57'),
(248, 46, 'Ericka Rohan', 'Similique necessitatibus sed ut dolores eum rem quo. Quis aut debitis voluptatem qui reiciendis et. Veniam quo ut omnis minima odit. Eos pariatur est autem reprehenderit sed.', 1, '2020-04-29 07:29:57', '2020-04-29 07:29:57'),
(249, 14, 'Roman Fisher', 'Est quia id voluptatum ratione labore voluptates. Officiis nam et sed dolorum quisquam corrupti minus. Iusto odio recusandae consequatur odit vel sit. Consequatur numquam et fugiat in quo.', 5, '2020-04-29 07:29:57', '2020-04-29 07:29:57'),
(250, 28, 'Fae Gutkowski', 'Minus est tempore omnis tempore quod voluptatem quas. Maxime unde sunt molestiae excepturi dolorem officia cum. Similique voluptatibus sint harum velit. Sapiente eum hic quia ab.', 5, '2020-04-29 07:29:58', '2020-04-29 07:29:58'),
(251, 23, 'Camden Klocko II', 'Possimus nihil sint iste. Nihil dignissimos ut consequatur omnis vero aliquam possimus. Aliquam corrupti perferendis maiores sed.', 2, '2020-04-29 07:29:58', '2020-04-29 07:29:58'),
(252, 46, 'Trinity Bashirian', 'Voluptas beatae a id est tenetur. Dolorem rerum omnis eaque. Non sint velit occaecati voluptas excepturi odio quia. Rerum hic et totam maiores quos et. Deleniti ut exercitationem omnis autem inventore molestias.', 2, '2020-04-29 07:29:58', '2020-04-29 07:29:58'),
(253, 46, 'Mr. Nicola Gerhold', 'Est quaerat deserunt corporis rem molestiae mollitia. Et molestias sint nisi non est quae. Voluptatem est architecto nam ipsum optio numquam voluptate.', 4, '2020-04-29 07:29:58', '2020-04-29 07:29:58'),
(254, 35, 'Sydnee Turcotte', 'Veniam est in tempore nulla optio. Iure sint eaque rerum assumenda quo est qui. Blanditiis deleniti occaecati illum aut quisquam aliquam ipsum.', 3, '2020-04-29 07:29:58', '2020-04-29 07:29:58'),
(255, 36, 'Raymundo Schuppe', 'Adipisci praesentium officia rerum harum. Omnis voluptas quia voluptatem suscipit voluptatem. Iusto aut et est aut nam veritatis. Consequuntur et similique provident pariatur deserunt nemo exercitationem soluta.', 5, '2020-04-29 07:29:58', '2020-04-29 07:29:58'),
(256, 8, 'Dr. Wyatt Larkin', 'Pariatur similique alias odio non consequuntur. Neque cum consequatur autem eum iusto tenetur nobis. Vel animi placeat cumque eos reprehenderit nam. Et autem odio at ut ipsa.', 0, '2020-04-29 07:29:58', '2020-04-29 07:29:58'),
(257, 10, 'Prof. Pedro Padberg I', 'Fugit ea similique aut sit impedit. Ut earum molestias nisi non dolore. Est laudantium recusandae ad nesciunt. Sed incidunt rerum aut suscipit aut quos quia.', 4, '2020-04-29 07:29:59', '2020-04-29 07:29:59'),
(258, 14, 'Tamara Schuppe', 'Fugit est quis tempora maiores dolorem cumque sed. Porro corrupti aspernatur consequatur eum minima. Libero enim hic voluptates eos architecto velit.', 2, '2020-04-29 07:29:59', '2020-04-29 07:29:59'),
(259, 21, 'Roxane Howell', 'Fugiat molestiae in in sit. Aut qui et expedita cupiditate tenetur eligendi. Sint voluptatem pariatur adipisci officiis excepturi qui nesciunt.', 3, '2020-04-29 07:29:59', '2020-04-29 07:29:59'),
(260, 14, 'Jailyn Morissette', 'Provident quos pariatur occaecati. Sit quisquam et enim placeat animi. Perspiciatis velit qui qui id eveniet.', 1, '2020-04-29 07:29:59', '2020-04-29 07:29:59'),
(261, 27, 'Lydia Turcotte', 'Pariatur dolorem est autem natus labore qui et. Ipsam quas dicta praesentium non nihil perspiciatis. Optio provident expedita et itaque.', 2, '2020-04-29 07:29:59', '2020-04-29 07:29:59'),
(262, 4, 'Dr. Sonny Kunde I', 'Animi sapiente et aut similique nisi. Laboriosam et consequatur qui omnis minus culpa iure. Voluptatibus in maiores consequatur ducimus.', 1, '2020-04-29 07:29:59', '2020-04-29 07:29:59'),
(263, 5, 'Noemi Parker', 'Dolorem quidem esse vel ipsam fuga omnis occaecati doloremque. Qui unde laudantium consequatur minus in. Id distinctio iure et numquam dolorum est quo.', 3, '2020-04-29 07:30:00', '2020-04-29 07:30:00'),
(264, 10, 'Dr. Enrique Hahn MD', 'Quasi quia molestiae repellendus aut. Quo qui et aliquam aut enim maxime. Rem sunt non sed illo qui explicabo et. Repellendus excepturi in et quisquam sint.', 1, '2020-04-29 07:30:00', '2020-04-29 07:30:00'),
(265, 13, 'Prof. Sincere Gerlach', 'Laboriosam aut ipsum tempore perferendis voluptas. Vel distinctio animi quisquam deleniti minima ut. Ut aut tenetur a. Consequatur quaerat sit sint pariatur officiis et.', 1, '2020-04-29 07:30:00', '2020-04-29 07:30:00'),
(266, 16, 'Dr. Kristian Kulas', 'Qui soluta sit nostrum. Eum eum velit quia quae libero delectus itaque. Molestiae suscipit autem aut cum molestias.', 2, '2020-04-29 07:30:01', '2020-04-29 07:30:01'),
(267, 25, 'Colin Rutherford', 'Illum aut voluptatem esse dolore. Beatae vitae dolores vel beatae. Nulla labore esse ut necessitatibus ipsa sunt iure. Voluptas tenetur enim omnis laborum eos.', 4, '2020-04-29 07:30:01', '2020-04-29 07:30:01'),
(268, 19, 'Ophelia Dach', 'Est et ex voluptas impedit eum explicabo. Non distinctio ut voluptatem blanditiis. Nam asperiores commodi facilis voluptas.', 2, '2020-04-29 07:30:01', '2020-04-29 07:30:01'),
(269, 5, 'Tessie McLaughlin', 'A ipsa laborum ea beatae aut molestias. Laudantium aperiam nihil est odit.', 4, '2020-04-29 07:30:01', '2020-04-29 07:30:01'),
(270, 16, 'Alvera Goldner', 'Ea eum pariatur reprehenderit et saepe. Minima nostrum omnis velit soluta. Odio est culpa voluptatibus veritatis similique vel. Ipsa quod doloribus sed dolor.', 5, '2020-04-29 07:30:01', '2020-04-29 07:30:01'),
(271, 50, 'Dr. Wanda Bayer III', 'Velit et ea est esse laboriosam. Et harum accusantium sed blanditiis eum. Tempore ut aut consectetur.', 2, '2020-04-29 07:30:01', '2020-04-29 07:30:01'),
(272, 46, 'Herta Wintheiser', 'Et est quam officia omnis. Enim beatae officiis et. Quae omnis dolores sit eum.', 5, '2020-04-29 07:30:02', '2020-04-29 07:30:02'),
(273, 28, 'Leanne Luettgen', 'Aut numquam voluptatem ut aut illum consequuntur sed. Consequatur est exercitationem excepturi. Rerum et nam ut.', 5, '2020-04-29 07:30:02', '2020-04-29 07:30:02'),
(274, 36, 'Reba Mante V', 'Voluptas culpa consequatur qui adipisci excepturi temporibus. Architecto accusamus facilis ducimus et excepturi. Aliquam reiciendis cumque ab temporibus explicabo et. Maxime quisquam esse qui quos.', 1, '2020-04-29 07:30:03', '2020-04-29 07:30:03'),
(275, 39, 'Irwin Sipes', 'Et sed modi cupiditate voluptas in et et. Suscipit voluptas libero veniam consequatur ipsa quos velit. Provident consectetur dolorem earum facilis et.', 5, '2020-04-29 07:30:03', '2020-04-29 07:30:03'),
(276, 50, 'Damien Oberbrunner', 'Qui et voluptatem necessitatibus adipisci. Quis nulla in quis odit error. Fuga debitis aliquid ut corrupti explicabo placeat. Sed est ea necessitatibus dolorem atque.', 3, '2020-04-29 07:30:03', '2020-04-29 07:30:03'),
(277, 46, 'Easton Corkery', 'Ut ab quod debitis voluptates et vel. Nisi fuga est atque voluptatem quae. Est dolores asperiores quia iure. Rerum eum iusto earum recusandae qui nihil dolorem consectetur.', 2, '2020-04-29 07:30:03', '2020-04-29 07:30:03'),
(278, 39, 'Colten Johnson', 'Sapiente sunt vel vel distinctio aperiam repellendus maxime. Blanditiis aut beatae alias eum. Qui voluptatem eos aut necessitatibus et provident. Neque eligendi non deleniti architecto.', 3, '2020-04-29 07:30:03', '2020-04-29 07:30:03'),
(279, 48, 'Prof. Lois Larson', 'Non ipsam beatae eius provident. Consectetur at qui illo. Ea veniam temporibus in.', 4, '2020-04-29 07:30:04', '2020-04-29 07:30:04'),
(280, 16, 'Prof. Darryl Rau', 'Ea perspiciatis similique aut autem. Autem vitae ut delectus cumque nisi. Corrupti eos eum quia inventore.', 3, '2020-04-29 07:30:04', '2020-04-29 07:30:04'),
(281, 23, 'Nash Durgan', 'Voluptates recusandae dolore libero neque natus. Nisi aut corrupti voluptatibus eum.', 2, '2020-04-29 07:30:04', '2020-04-29 07:30:04'),
(282, 2, 'Stone Eichmann', 'Consequuntur laboriosam porro nam quo consequatur atque voluptas. Non consequatur eligendi sit facere quidem reiciendis architecto quod. Doloremque a cumque veniam ratione. Quia et ipsa incidunt ea dolor deleniti.', 0, '2020-04-29 07:30:04', '2020-04-29 07:30:04'),
(283, 32, 'Dr. Evangeline Kub IV', 'Repellendus omnis et porro enim quo mollitia ratione. Deleniti totam adipisci quas voluptatibus. Omnis ut omnis nesciunt sit.', 5, '2020-04-29 07:30:04', '2020-04-29 07:30:04'),
(284, 28, 'Katelynn Hickle', 'Eius accusantium omnis dolor facilis dignissimos quo commodi. Ut nam debitis necessitatibus. Perspiciatis et aut ullam recusandae. Delectus minima placeat accusamus minus et.', 0, '2020-04-29 07:30:05', '2020-04-29 07:30:05'),
(285, 50, 'Dr. Nadia Purdy PhD', 'Et natus autem sed. Suscipit sit corporis et consequatur. Rerum at ut tempora accusantium consequatur id. Aut maxime voluptates quam quia eveniet et veniam.', 2, '2020-04-29 07:30:05', '2020-04-29 07:30:05'),
(286, 37, 'Mr. Claude Yost II', 'Maiores nobis ut quo distinctio. Sed voluptates omnis doloremque labore exercitationem rerum possimus.', 4, '2020-04-29 07:30:05', '2020-04-29 07:30:05'),
(287, 35, 'Erica Wintheiser', 'Necessitatibus quas temporibus voluptate eum eos quae nihil. Voluptatem tenetur delectus deleniti et et. Et voluptas labore harum iste sapiente. Quia corrupti quis quibusdam. Explicabo adipisci expedita perferendis ut tempora.', 4, '2020-04-29 07:30:05', '2020-04-29 07:30:05'),
(288, 26, 'Kathryn Kunde', 'Nisi ea ut atque corporis tempore ut rem. Laborum error tempora veritatis mollitia velit temporibus fugit. Illum nostrum est dolor quae reprehenderit asperiores odit.', 5, '2020-04-29 07:30:05', '2020-04-29 07:30:05'),
(289, 44, 'Connor Ortiz', 'Quas culpa ut sequi odio pariatur. Qui harum porro eos veritatis assumenda. Error fugit nam ducimus numquam quos.', 3, '2020-04-29 07:30:05', '2020-04-29 07:30:05'),
(290, 38, 'Felix Lemke', 'Quia iusto distinctio eum veritatis qui numquam. Eaque voluptate dolor unde. Aut minus blanditiis quos voluptatem est vel.', 3, '2020-04-29 07:30:06', '2020-04-29 07:30:06'),
(291, 50, 'Prof. Kari Barrows', 'Sunt non error est ab non rem autem. Hic doloremque mollitia consequatur pariatur hic. A tempora qui aliquid eaque. Sunt non reiciendis dolores ut doloribus sint.', 0, '2020-04-29 07:30:06', '2020-04-29 07:30:06'),
(292, 28, 'Mafalda Kuhlman Jr.', 'Qui dolore amet et dolorum adipisci molestiae eaque consequatur. Eos ut omnis maiores delectus ipsam odio ut. Numquam molestias aut temporibus error voluptates et.', 3, '2020-04-29 07:30:06', '2020-04-29 07:30:06'),
(293, 2, 'Dr. Wilhelm Thompson PhD', 'Nihil nulla molestiae vero omnis. At non unde omnis odio quo. Doloremque qui impedit rerum quibusdam corporis aut.', 2, '2020-04-29 07:30:06', '2020-04-29 07:30:06'),
(294, 37, 'Miss Sandrine Rutherford', 'Quos nemo et molestias quia. Ipsum suscipit optio dolorem voluptatem quis quae quis. Quas commodi rerum consequatur facere eius officiis. Quod consequatur quia dicta quod nihil quia. Ea a consequuntur fugit.', 3, '2020-04-29 07:30:06', '2020-04-29 07:30:06'),
(295, 21, 'Gerardo Wuckert DDS', 'Dolores nostrum ab recusandae voluptatem et quaerat natus sed. Facere voluptate quibusdam dolores libero necessitatibus provident at voluptatem. Harum libero et ut sit itaque eum. Atque deleniti dolor vel sunt quo placeat.', 2, '2020-04-29 07:30:07', '2020-04-29 07:30:07'),
(296, 50, 'Mr. Ben Daugherty', 'Doloribus non voluptatem maiores ut non. Quia et assumenda quas quaerat iste. Nulla corrupti atque aut maxime autem et.', 0, '2020-04-29 07:30:07', '2020-04-29 07:30:07'),
(297, 27, 'Rebeca Stracke', 'Adipisci minus voluptatum ut dolor porro perferendis molestiae. Esse fuga omnis reiciendis sit maiores fuga sunt ex. Quidem voluptas rerum impedit corrupti tenetur sequi dolores ut. Quos est perferendis nostrum est sit.', 2, '2020-04-29 07:30:07', '2020-04-29 07:30:07'),
(298, 36, 'Mrs. Cathryn McDermott PhD', 'Nobis consequatur iusto quia. Similique recusandae et adipisci molestiae veniam. Pariatur quia autem optio non.', 5, '2020-04-29 07:30:07', '2020-04-29 07:30:07'),
(299, 32, 'Bridget Barrows', 'Et nulla atque velit quia maxime. Qui a consequatur veniam similique harum laboriosam. Deserunt rerum explicabo quia sequi tempora. A libero est consequatur sit voluptatem iusto fugit.', 4, '2020-04-29 07:30:08', '2020-04-29 07:30:08'),
(300, 44, 'Mossie Buckridge Sr.', 'Quasi corrupti vel ducimus. Suscipit sint praesentium natus qui qui laborum. Necessitatibus et quia vel quaerat. Debitis ea repellendus quis et et voluptas accusantium. Adipisci et porro dolorem nemo.', 5, '2020-04-29 07:30:09', '2020-04-29 07:30:09'),
(302, 50, 'Moniruzzaman', 'Best yet update', 3, '2020-04-29 08:18:16', '2020-04-29 08:24:41');

-- --------------------------------------------------------

--
-- Table structure for table `users`
--

CREATE TABLE `users` (
  `id` bigint(20) UNSIGNED NOT NULL,
  `name` varchar(191) COLLATE utf8mb4_unicode_ci NOT NULL,
  `email` varchar(191) COLLATE utf8mb4_unicode_ci NOT NULL,
  `email_verified_at` timestamp NULL DEFAULT NULL,
  `password` varchar(191) COLLATE utf8mb4_unicode_ci NOT NULL,
  `remember_token` varchar(100) COLLATE utf8mb4_unicode_ci DEFAULT NULL,
  `created_at` timestamp NULL DEFAULT NULL,
  `updated_at` timestamp NULL DEFAULT NULL
) ENGINE=InnoDB DEFAULT CHARSET=utf8mb4 COLLATE=utf8mb4_unicode_ci;

--
-- Dumping data for table `users`
--

INSERT INTO `users` (`id`, `name`, `email`, `email_verified_at`, `password`, `remember_token`, `created_at`, `updated_at`) VALUES
(1, 'Geovanni Donnelly', 'kuhlman.deshaun@example.com', '2020-04-29 07:29:11', '$2y$10$92IXUNpkjO0rOQ5byMi.Ye4oKoEa3Ro9llC/.og/at2.uheWG/igi', 'eyYHhLuqnf', '2020-04-29 07:29:11', '2020-04-29 07:29:11'),
(2, 'Mr. Emilio Connelly PhD', 'hickle.sim@example.com', '2020-04-29 07:29:11', '$2y$10$92IXUNpkjO0rOQ5byMi.Ye4oKoEa3Ro9llC/.og/at2.uheWG/igi', 'zBWfllPjPI', '2020-04-29 07:29:12', '2020-04-29 07:29:12'),
(3, 'Rachelle Zulauf II', 'kovacek.gerson@example.org', '2020-04-29 07:29:11', '$2y$10$92IXUNpkjO0rOQ5byMi.Ye4oKoEa3Ro9llC/.og/at2.uheWG/igi', 'ggNxYX9WMu', '2020-04-29 07:29:12', '2020-04-29 07:29:12'),
(4, 'Prof. Janelle Predovic', 'lurline73@example.org', '2020-04-29 07:29:11', '$2y$10$92IXUNpkjO0rOQ5byMi.Ye4oKoEa3Ro9llC/.og/at2.uheWG/igi', 'Uv1gxWTRJF', '2020-04-29 07:29:12', '2020-04-29 07:29:12'),
(5, 'Alia Jacobi', 'berge.phyllis@example.org', '2020-04-29 07:29:11', '$2y$10$92IXUNpkjO0rOQ5byMi.Ye4oKoEa3Ro9llC/.og/at2.uheWG/igi', 'SqLK0jmXOv', '2020-04-29 07:29:12', '2020-04-29 07:29:12');

--
-- Indexes for dumped tables
--

--
-- Indexes for table `migrations`
--
ALTER TABLE `migrations`
  ADD PRIMARY KEY (`id`);

--
-- Indexes for table `oauth_access_tokens`
--
ALTER TABLE `oauth_access_tokens`
  ADD PRIMARY KEY (`id`),
  ADD KEY `oauth_access_tokens_user_id_index` (`user_id`);

--
-- Indexes for table `oauth_auth_codes`
--
ALTER TABLE `oauth_auth_codes`
  ADD PRIMARY KEY (`id`);

--
-- Indexes for table `oauth_clients`
--
ALTER TABLE `oauth_clients`
  ADD PRIMARY KEY (`id`),
  ADD KEY `oauth_clients_user_id_index` (`user_id`);

--
-- Indexes for table `oauth_personal_access_clients`
--
ALTER TABLE `oauth_personal_access_clients`
  ADD PRIMARY KEY (`id`),
  ADD KEY `oauth_personal_access_clients_client_id_index` (`client_id`);

--
-- Indexes for table `oauth_refresh_tokens`
--
ALTER TABLE `oauth_refresh_tokens`
  ADD PRIMARY KEY (`id`),
  ADD KEY `oauth_refresh_tokens_access_token_id_index` (`access_token_id`);

--
-- Indexes for table `password_resets`
--
ALTER TABLE `password_resets`
  ADD KEY `password_resets_email_index` (`email`);

--
-- Indexes for table `products`
--
ALTER TABLE `products`
  ADD PRIMARY KEY (`id`),
  ADD KEY `products_user_id_index` (`user_id`);

--
-- Indexes for table `reviews`
--
ALTER TABLE `reviews`
  ADD PRIMARY KEY (`id`),
  ADD KEY `reviews_product_id_index` (`product_id`);

--
-- Indexes for table `users`
--
ALTER TABLE `users`
  ADD PRIMARY KEY (`id`),
  ADD UNIQUE KEY `users_email_unique` (`email`);

--
-- AUTO_INCREMENT for dumped tables
--

--
-- AUTO_INCREMENT for table `migrations`
--
ALTER TABLE `migrations`
  MODIFY `id` int(10) UNSIGNED NOT NULL AUTO_INCREMENT, AUTO_INCREMENT=24;
--
-- AUTO_INCREMENT for table `oauth_clients`
--
ALTER TABLE `oauth_clients`
  MODIFY `id` int(10) UNSIGNED NOT NULL AUTO_INCREMENT, AUTO_INCREMENT=3;
--
-- AUTO_INCREMENT for table `oauth_personal_access_clients`
--
ALTER TABLE `oauth_personal_access_clients`
  MODIFY `id` int(10) UNSIGNED NOT NULL AUTO_INCREMENT, AUTO_INCREMENT=2;
--
-- AUTO_INCREMENT for table `products`
--
ALTER TABLE `products`
  MODIFY `id` bigint(20) UNSIGNED NOT NULL AUTO_INCREMENT, AUTO_INCREMENT=51;
--
-- AUTO_INCREMENT for table `reviews`
--
ALTER TABLE `reviews`
  MODIFY `id` bigint(20) UNSIGNED NOT NULL AUTO_INCREMENT, AUTO_INCREMENT=303;
--
-- AUTO_INCREMENT for table `users`
--
ALTER TABLE `users`
  MODIFY `id` bigint(20) UNSIGNED NOT NULL AUTO_INCREMENT, AUTO_INCREMENT=6;
--
-- Constraints for dumped tables
--

--
-- Constraints for table `reviews`
--
ALTER TABLE `reviews`
  ADD CONSTRAINT `reviews_product_id_foreign` FOREIGN KEY (`product_id`) REFERENCES `products` (`id`) ON DELETE CASCADE;
COMMIT;

/*!40101 SET CHARACTER_SET_CLIENT=@OLD_CHARACTER_SET_CLIENT */;
/*!40101 SET CHARACTER_SET_RESULTS=@OLD_CHARACTER_SET_RESULTS */;
/*!40101 SET COLLATION_CONNECTION=@OLD_COLLATION_CONNECTION */;
